,GRAND_ID,RES_NAME,DAM_NAME,ALT_NAME,RIVER,ALT_RIVER,MAIN_BASIN,SUB_BASIN,NEAR_CITY,ALT_CITY,ADMIN_UNIT,SEC_ADMIN,COUNTRY,SEC_CNTRY,YEAR,ALT_YEAR,REM_YEAR,DAM_HGT_M,ALT_HGT_M,DAM_LEN_M,ALT_LEN_M,AREA_SKM,AREA_POLY,AREA_REP,AREA_MAX,AREA_MIN,CAP_MCM,CAP_MAX,CAP_REP,CAP_MIN,DEPTH_M,DIS_AVG_LS,DOR_PC,ELEV_MASL,CATCH_SKM,CATCH_REP,DATA_INFO,USE_IRRI,USE_ELEC,USE_SUPP,USE_FCON,USE_RECR,USE_NAVI,USE_FISH,USE_PCON,USE_LIVE,USE_OTHR,MAIN_USE,LAKE_CTRL,MULTI_DAMS,TIMELINE,COMMENTS,URL,QUALITY,EDITOR,LONG_DD,LAT_DD,POLY_SRC,ID_GRanD,NL_Dam_Rev,barrier_ty,OBJECTID,nid,validityDa,acquisitio,datasetNam,planimetri,provider,completely,manmadeTyp,manmadeT_1,manmadeSta,geographic,nameId1,nameId2,name1,name2,idDate,nameDate,SHAPE_Leng,SHAPE_Area,layer,path,ID_NHN,NL_Dam_R_1,LAT_DEC,LONG_DEC,DAMINDEXNU,PROJECT_NA,OWNER_NAME,YEARBUILT,DAMSTATUS,PURPOSE_DR,PURPOSE_IN,PURPOSE_HY,PURPOSE_FL,PURPOSE_IC,PURPOSE_FO,PURPOSE_UN,PURPOSE_OT,DAM_TYPE,DAM_TYPE_O,DIM_MAXHEI,NL_Dam_R_2,NPDP_ID,CDA_ID,Dam Name,Alternativ,Dam Type,Dam Height,Dam Lengh,Hazard Cla,Latitude,Longitude,Emergency,Main Purpo,Other purp,Country_1,State/ Pro,River_1,Nearest Do,Distance t,Population,Year Compl,Year Modif,Normal Res,Max Reserv,Crest Elev,Dam Base W,Foundation,Core Type,Volume (m3,Material,Dam Design,Federal Re,Inspection,State Regu,Mean Annua,Electric C,Source,NL_Dam_R_3,validity_1,acquisit_1,datasetN_1,planimet_1,complete_1,obstacleTy,obstacle_1,geograph_1,SHAPE_Le_1,geometry,segment_id,dist-meters,lon,lat
0,2350.0,Grand Lake,Plain Diversion Dam,Main Diversion,Junction Brook,,,,Deer Lake,,Newfoundland and Labrador,,Canada,,1924.0,-99.0,-99.0,25.0,-99.0,226.0,-99.0,496.96,496.96,450.0,-99.0,-99.0,1790.0,1790.0,1788.6,-99.0,3.6,129410.0,43.9,86.0,4584.0,-99.0,,,Main,,,,,,,,,Hydroelectricity,Yes,,,,,3: Fair,McGill-BL,-57.261458,49.196212,CanVec,213.0,2350,grand,,,,,,,,,,,,,,,,,,,,,,,,,,,,,,,,,,,,,,,,,,,,,,,,,,,,,,,,,,,,,,,,,,,,,,,,,,,,,,,,,,,,,,,,,,POINT (-57.25638800813401 49.19824111147702),02YL000-26294,1.16,-57.25638800813401,49.19824111147702
1,,,,,,,,,,,,,,,,,,,,,,,,,,,,,,,,,,,,,,,,,,,,,,,,,,,,,,,,,,,,,nhn,4249.0,a148a2e8c46446ba87d435f3e47c3dcb,1986,5.0,02YL000,10.0,2.0,1.0,1.0,Dam,-1.0,,,,,,,,0.000316023524269,,Point,"Point?crs=EPSG:4617&field=OBJECTID:long(0,0)&field=nid:string(32,0)&field=validityDate:string(8,0)&field=acquisitionTechnique:integer(0,0)&field=datasetName:string(32,0)&field=planimetricAccuracy:integer(0,0)&field=provider:integer(0,0)&field=completelyC",3648.0,a148a2e8c46446ba87d435f3e47c3dcb,,,,,,,,,,,,,,,,,,,,,,,,,,,,,,,,,,,,,,,,,,,,,,,,,,,,,,,,,,,,,,,,,,POINT (-57.03634283263334 49.63076757992416),02YL000-9603,1.17,-57.036342832633345,49.63076757992416
2,,,,,,,,,,,,,,,,,,,,,,,,,,,,,,,,,,,,,,,,,,,,,,,,,,,,,,,,,,,,,nhn,4248.0,f6550df191b0418da8367994f62e2c1d,1986,5.0,02YL000,17.0,2.0,1.0,1.0,Dam,-1.0,,,,,,,,0.000253559555836,,Point,"Point?crs=EPSG:4617&field=OBJECTID:long(0,0)&field=nid:string(32,0)&field=validityDate:string(8,0)&field=acquisitionTechnique:integer(0,0)&field=datasetName:string(32,0)&field=planimetricAccuracy:integer(0,0)&field=provider:integer(0,0)&field=completelyC",3649.0,f6550df191b0418da8367994f62e2c1d,,,,,,,,,,,,,,,,,,,,,,,,,,,,,,,,,,,,,,,,,,,,,,,,,,,,,,,,,,,,,,,,,,POINT (-58.08563480677005 49.06966298652227),02YL000-11528,6.47,-58.085634806770045,49.069662986522275
3,,,,,,,,,,,,,,,,,,,,,,,,,,,,,,,,,,,,,,,,,,,,,,,,,,,,,,,,,,,,,nhn,4251.0,bf79d7082ed14462b7efe19af388a300,1986,5.0,02YL000,10.0,2.0,1.0,1.0,Dam,-1.0,,,,,,,,0.000154408366025,,Point,"Point?crs=EPSG:4617&field=OBJECTID:long(0,0)&field=nid:string(32,0)&field=validityDate:string(8,0)&field=acquisitionTechnique:integer(0,0)&field=datasetName:string(32,0)&field=planimetricAccuracy:integer(0,0)&field=provider:integer(0,0)&field=completelyC",3650.0,bf79d7082ed14462b7efe19af388a300,,,,,,,,,,,,,,,,,,,,,,,,,,,,,,,,,,,,,,,,,,,,,,,,,,,,,,,,,,,,,,,,,,POINT (-57.81379640646527 48.93042396615861),02YL000-10323,1.15,-57.81379640646527,48.930423966158614
4,,,,,,,,,,,,,,,,,,,,,,,,,,,,,,,,,,,,,,,,,,,,,,,,,,,,,,,,,,,,,nhn,4254.0,f138d3d189024135921e8e7acde03856,1986,5.0,02YL000,10.0,2.0,1.0,1.0,Dam,-1.0,,,,,,,,9.2768681654e-05,,Point,"Point?crs=EPSG:4617&field=OBJECTID:long(0,0)&field=nid:string(32,0)&field=validityDate:string(8,0)&field=acquisitionTechnique:integer(0,0)&field=datasetName:string(32,0)&field=planimetricAccuracy:integer(0,0)&field=provider:integer(0,0)&field=completelyC",3652.0,f138d3d189024135921e8e7acde03856,,,,,,,,,,,,,,,,,,,,,,,,,,,,,,,,,,,,,,,,,,,,,,,,,,,,,,,,,,,,,,,,,,POINT (-57.07445814685416 49.66377538487377),02YL000-18277,1.17,-57.074458146854155,49.663775384873766
5,,,,,,,,,,,,,,,,,,,,,,,,,,,,,,,,,,,,,,,,,,,,,,,,,,,,,,,,,,,,,nhn,4253.0,9a0a364b1f044284ab82f7cb0a6c7b32,1986,5.0,02YL000,10.0,2.0,1.0,1.0,Dam,-1.0,,,,,,,,0.000178106834791,,Point,"Point?crs=EPSG:4617&field=OBJECTID:long(0,0)&field=nid:string(32,0)&field=validityDate:string(8,0)&field=acquisitionTechnique:integer(0,0)&field=datasetName:string(32,0)&field=planimetricAccuracy:integer(0,0)&field=provider:integer(0,0)&field=completelyC",3653.0,9a0a364b1f044284ab82f7cb0a6c7b32,,,,,,,,,,,,,,,,,,,,,,,,,,,,,,,,,,,,,,,,,,,,,,,,,,,,,,,,,,,,,,,,,,POINT (-57.82784921185623 48.95307436967062),02YL000-26484,1.16,-57.827849211856226,48.953074369670624
6,,,,,,,,,,,,,,,,,,,,,,,,,,,,,,,,,,,,,,,,,,,,,,,,,,,,,,,,,,,,,nhn,4257.0,305a13ddfeb0452ba7acb6d34cbf29af,1986,5.0,02YL000,10.0,2.0,1.0,1.0,Dam,-1.0,,,,,,,,0.000422744607438,,Point,"Point?crs=EPSG:4617&field=OBJECTID:long(0,0)&field=nid:string(32,0)&field=validityDate:string(8,0)&field=acquisitionTechnique:integer(0,0)&field=datasetName:string(32,0)&field=planimetricAccuracy:integer(0,0)&field=provider:integer(0,0)&field=completelyC",3654.0,305a13ddfeb0452ba7acb6d34cbf29af,,,,,,,,,,,,,,,,,,,,,,,,,,,,,,,,,,,,,,,,,,,,,,,,,,,,,,,,,,,,,,,,,,POINT (-57.97686236681658 49.02955118087448),02YL000-26809,1.16,-57.97686236681658,49.02955118087448
7,,,,,,,,,,,,,,,,,,,,,,,,,,,,,,,,,,,,,,,,,,,,,,,,,,,,,,,,,,,,,nhn,4256.0,c8b704b7049445d58adc21f269adf591,1986,5.0,02YL000,10.0,2.0,1.0,1.0,Dam,-1.0,,,,,,,,0.00064346687052,,Point,"Point?crs=EPSG:4617&field=OBJECTID:long(0,0)&field=nid:string(32,0)&field=validityDate:string(8,0)&field=acquisitionTechnique:integer(0,0)&field=datasetName:string(32,0)&field=planimetricAccuracy:integer(0,0)&field=provider:integer(0,0)&field=completelyC",3655.0,c8b704b7049445d58adc21f269adf591,,,,,,,,,,,,,,,,,,,,,,,,,,,,,,,,,,,,,,,,,,,,,,,,,,,,,,,,,,,,,,,,,,POINT (-57.3572215462487 49.33519243247505),02YL000-11007,1.16,-57.3572215462487,49.33519243247505
8,,,,,,,,,,,,,,,,,,,,,,,,,,,,,,,,,,,,,,,,,,,,,,,,,,,,,,,,,,,,,nhn,4262.0,8e9c0a1432fa44acae11d8b3bf1b9a22,1986,5.0,02YL000,10.0,2.0,1.0,1.0,Dam,-1.0,,,,,,,,0.000615198022481,,Point,"Point?crs=EPSG:4617&field=OBJECTID:long(0,0)&field=nid:string(32,0)&field=validityDate:string(8,0)&field=acquisitionTechnique:integer(0,0)&field=datasetName:string(32,0)&field=planimetricAccuracy:integer(0,0)&field=provider:integer(0,0)&field=completelyC",3658.0,8e9c0a1432fa44acae11d8b3bf1b9a22,,,,,,,,,,,,,,,,,,,,,,,,,,,,,,,,,,,,,,,,,,,,,,,,,,,,,,,,,,,,,,,,,,POINT (-57.67557765632505 48.91370056431287),02YL000-6791,1.16,-57.675577656325046,48.91370056431287
9,,,,,,,,,,,,,,,,,,,,,,,,,,,,,,,,,,,,,,,,,,,,,,,,,,,,,,,,,,,,,nhn,4261.0,e809f199e3394d16a1e28cd748ef3330,1986,5.0,02YL000,10.0,2.0,1.0,1.0,Dam,-1.0,,,,,,,,0.000262890021065,,Point,"Point?crs=EPSG:4617&field=OBJECTID:long(0,0)&field=nid:string(32,0)&field=validityDate:string(8,0)&field=acquisitionTechnique:integer(0,0)&field=datasetName:string(32,0)&field=planimetricAccuracy:integer(0,0)&field=provider:integer(0,0)&field=completelyC",3659.0,e809f199e3394d16a1e28cd748ef3330,,,,,,,,,,,,,,,,,,,,,,,,,,,,,,,,,,,,,,,,,,,,,,,,,,,,,,,,,,,,,,,,,,POINT (-57.69626516381899 48.91553186448503),02YL000-25796,1.16,-57.696265163818985,48.91553186448503
10,,,,,,,,,,,,,,,,,,,,,,,,,,,,,,,,,,,,,,,,,,,,,,,,,,,,,,,,,,,,,nhn,4265.0,67b49560cbdf4b3c8a1e0f39aff167ff,1986,5.0,02YL000,10.0,2.0,1.0,1.0,Dam,-1.0,,,,,,,,0.000102401384599,,Point,"Point?crs=EPSG:4617&field=OBJECTID:long(0,0)&field=nid:string(32,0)&field=validityDate:string(8,0)&field=acquisitionTechnique:integer(0,0)&field=datasetName:string(32,0)&field=planimetricAccuracy:integer(0,0)&field=provider:integer(0,0)&field=completelyC",3660.0,67b49560cbdf4b3c8a1e0f39aff167ff,,,,,,,,,,,,,,,,,,,,,,,,,,,,,,,,,,,,,,,,,,,,,,,,,,,,,,,,,,,,,,,,,,POINT (-57.12967456607955 49.57400937073646),02YL000-11087,1.17,-57.12967456607955,49.57400937073646
11,,,,,,,,,,,,,,,,,,,,,,,,,,,,,,,,,,,,,,,,,,,,,,,,,,,,,,,,,,,,,nhn,4264.0,5abd0cb7116c4dbea7d1426719fd2e53,1986,5.0,02YL000,10.0,2.0,1.0,1.0,Dam,-1.0,,,,,,,,0.000234214806322,,Point,"Point?crs=EPSG:4617&field=OBJECTID:long(0,0)&field=nid:string(32,0)&field=validityDate:string(8,0)&field=acquisitionTechnique:integer(0,0)&field=datasetName:string(32,0)&field=planimetricAccuracy:integer(0,0)&field=provider:integer(0,0)&field=completelyC",3661.0,5abd0cb7116c4dbea7d1426719fd2e53,,,,,,,,,,,,,,,,,,,,,,,,,,,,,,,,,,,,,,,,,,,,,,,,,,,,,,,,,,,,,,,,,,POINT (-57.39175536057694 49.48926695635694),02YL000-7546,1.17,-57.39175536057694,49.489266956356936
12,,,,,,,,,,,,,,,,,,,,,,,,,,,,,,,,,,,,,,,,,,,,,,,,,,,,,,,,,,,,,nhn,4267.0,c1f611a81e9d4f4ab93c82e4addda78c,1986,5.0,02YL000,10.0,2.0,1.0,1.0,Dam,-1.0,,,,,,,,0.000566244959633,,Point,"Point?crs=EPSG:4617&field=OBJECTID:long(0,0)&field=nid:string(32,0)&field=validityDate:string(8,0)&field=acquisitionTechnique:integer(0,0)&field=datasetName:string(32,0)&field=planimetricAccuracy:integer(0,0)&field=provider:integer(0,0)&field=completelyC",3662.0,c1f611a81e9d4f4ab93c82e4addda78c,,,,,,,,,,,,,,,,,,,,,,,,,,,,,,,,,,,,,,,,,,,,,,,,,,,,,,,,,,,,,,,,,,POINT (-57.10430605694186 49.58426377243564),02YL000-3248,1.17,-57.10430605694186,49.58426377243564
13,,,,,,,,,,,,,,,,,,,,,,,,,,,,,,,,,,,,,,,,,,,,,,,,,,,,,,,,,,,,,nhn,4269.0,dbe81c19d1c0404c825c94951ffac04f,1986,5.0,02YL000,10.0,2.0,1.0,1.0,Dam,-1.0,,,,,,,,0.000337904554787,,Point,"Point?crs=EPSG:4617&field=OBJECTID:long(0,0)&field=nid:string(32,0)&field=validityDate:string(8,0)&field=acquisitionTechnique:integer(0,0)&field=datasetName:string(32,0)&field=planimetricAccuracy:integer(0,0)&field=provider:integer(0,0)&field=completelyC",3664.0,dbe81c19d1c0404c825c94951ffac04f,,,,,,,,,,,,,,,,,,,,,,,,,,,,,,,,,,,,,,,,,,,,,,,,,,,,,,,,,,,,,,,,,,POINT (-57.11840106231245 49.60751117597919),02YL000-1219,1.17,-57.11840106231245,49.60751117597919
14,,,,,,,,,,,,,,,,,,,,,,,,,,,,,,,,,,,,,,,,,,,,,,,,,,,,,,,,,,,,,nhn,4268.0,77673aa4346644e08a4e6bc29995c339,1986,5.0,02YL000,10.0,2.0,1.0,1.0,Dam,-1.0,,,,,,,,0.000637960445621,,Point,"Point?crs=EPSG:4617&field=OBJECTID:long(0,0)&field=nid:string(32,0)&field=validityDate:string(8,0)&field=acquisitionTechnique:integer(0,0)&field=datasetName:string(32,0)&field=planimetricAccuracy:integer(0,0)&field=provider:integer(0,0)&field=completelyC",3665.0,77673aa4346644e08a4e6bc29995c339,,,,,,,,,,,,,,,,,,,,,,,,,,,,,,,,,,,,,,,,,,,,,,,,,,,,,,,,,,,,,,,,,,POINT (-57.93734385188205 48.98522107409781),02YL000-26676,10.16,-57.937343851882055,48.98522107409781
15,,,,,,,,,,,,,,,,,,,,,,,,,,,,,,,,,,,,,,,,,,,,,,,,,,,,,,,,,,,,,nhn,4271.0,8a8d721ae436426ea39095aebc4ae6c0,1986,5.0,02YL000,10.0,2.0,1.0,1.0,Dam,-1.0,,,,,,,,0.000314002652997,,Point,"Point?crs=EPSG:4617&field=OBJECTID:long(0,0)&field=nid:string(32,0)&field=validityDate:string(8,0)&field=acquisitionTechnique:integer(0,0)&field=datasetName:string(32,0)&field=planimetricAccuracy:integer(0,0)&field=provider:integer(0,0)&field=completelyC",3666.0,8a8d721ae436426ea39095aebc4ae6c0,,,,,,,,,,,,,,,,,,,,,,,,,,,,,,,,,,,,,,,,,,,,,,,,,,,,,,,,,,,,,,,,,,POINT (-57.69346746275104 48.91117666380909),02YL000-25787,1.16,-57.693467462751045,48.91117666380909
16,,,,,,,,,,,,,,,,,,,,,,,,,,,,,,,,,,,,,,,,,,,,,,,,,,,,,,,,,,,,,nhn,4273.0,ac5ca167901e44739472ed6425810065,1986,5.0,02YL000,10.0,2.0,1.0,1.0,Dam,-1.0,,,,,,,,0.000393279762256,,Point,"Point?crs=EPSG:4617&field=OBJECTID:long(0,0)&field=nid:string(32,0)&field=validityDate:string(8,0)&field=acquisitionTechnique:integer(0,0)&field=datasetName:string(32,0)&field=planimetricAccuracy:integer(0,0)&field=provider:integer(0,0)&field=completelyC",3668.0,ac5ca167901e44739472ed6425810065,,,,,,,,,,,,,,,,,,,,,,,,,,,,,,,,,,,,,,,,,,,,,,,,,,,,,,,,,,,,,,,,,,POINT (-57.39299016103249 49.48980135643406),02YL000-26977,1.17,-57.392990161032486,49.48980135643406
17,,,,,,,,,,,,,,,,,,,,,,,,,,,,,,,,,,,,,,,,,,,,,,,,,,,,,,,,,,,,,nhn,4245.0,8134d273518442c888202bca7a76f129,1986,5.0,02YL000,10.0,2.0,1.0,1.0,Dam,-1.0,,,,,,,,0.000154824550434,,Point,"Point?crs=EPSG:4617&field=OBJECTID:long(0,0)&field=nid:string(32,0)&field=validityDate:string(8,0)&field=acquisitionTechnique:integer(0,0)&field=datasetName:string(32,0)&field=planimetricAccuracy:integer(0,0)&field=provider:integer(0,0)&field=completelyC",3708.0,8134d273518442c888202bca7a76f129,,,,,,,,,,,,,,,,,,,,,,,,,,,,,,,,,,,,,,,,,,,,,,,,,,,,,,,,,,,,,,,,,,POINT (-57.79708070041345 48.92937506609223),02YL000-3539,1.15,-57.79708070041345,48.929375066092234
18,,,,,,,,,,,,,,,,,,,,,,,,,,,,,,,,,,,,,,,,,,,,,,,,,,,,,,,,,,,,,nhn,4244.0,76333b55fe324b0da8235034a48585c3,1986,5.0,02YL000,10.0,2.0,1.0,1.0,Dam,-1.0,,,,,,,,0.000278962666601,,Point,"Point?crs=EPSG:4617&field=OBJECTID:long(0,0)&field=nid:string(32,0)&field=validityDate:string(8,0)&field=acquisitionTechnique:integer(0,0)&field=datasetName:string(32,0)&field=planimetricAccuracy:integer(0,0)&field=provider:integer(0,0)&field=completelyC",3709.0,76333b55fe324b0da8235034a48585c3,,,,,,,,,,,,,,,,,,,,,,,,,,,,,,,,,,,,,,,,,,,,,,,,,,,,,,,,,,,,,,,,,,POINT (-57.66465985682722 49.2534300180445),02YL000-18969,15.62,-57.66465985682722,49.2534300180445
19,,,,,,,,,,,,,,,,,,,,,,,,,,,,,,,,,,,,,,,,,,,,,,,,,,,,,,,,,,,,,nhn,4247.0,a4c6e3df654f440787b41cdad7fd2ebc,1986,5.0,02YL000,10.0,2.0,1.0,1.0,Dam,-1.0,,,,,,,,0.000426480773381,,Point,"Point?crs=EPSG:4617&field=OBJECTID:long(0,0)&field=nid:string(32,0)&field=validityDate:string(8,0)&field=acquisitionTechnique:integer(0,0)&field=datasetName:string(32,0)&field=planimetricAccuracy:integer(0,0)&field=provider:integer(0,0)&field=completelyC",3710.0,a4c6e3df654f440787b41cdad7fd2ebc,,,,,,,,,,,,,,,,,,,,,,,,,,,,,,,,,,,,,,,,,,,,,,,,,,,,,,,,,,,,,,,,,,POINT (-57.95021845608524 48.9541892690928),02YL000-25805,1.15,-57.95021845608524,48.9541892690928
20,,,,,,,,,,,,,,,,,,,,,,,,,,,,,,,,,,,,,,,,,,,,,,,,,,,,,,,,,,,,,nhn,4246.0,ba82fec43b9b472eb6a89b9c822e0d84,1986,5.0,02YL000,10.0,2.0,1.0,1.0,Dam,-1.0,,,,,,,,0.000553566727599,,Point,"Point?crs=EPSG:4617&field=OBJECTID:long(0,0)&field=nid:string(32,0)&field=validityDate:string(8,0)&field=acquisitionTechnique:integer(0,0)&field=datasetName:string(32,0)&field=planimetricAccuracy:integer(0,0)&field=provider:integer(0,0)&field=completelyC",3711.0,ba82fec43b9b472eb6a89b9c822e0d84,,,,,,,,,,,,,,,,,,,,,,,,,,,,,,,,,,,,,,,,,,,,,,,,,,,,,,,,,,,,,,,,,,POINT (-57.17094318094575 49.55796946806727),02YL000-20518,1.17,-57.17094318094575,49.55796946806727
21,,,,,,,,,,,,,,,,,,,,,,,,,,,,,,,,,,,,,,,,,,,,,,,,,,,,,,,,,,,,,nhn,434.0,5aa33814df8944638a8a77a7fcbd320e,1986,5.0,02YL000,10.0,2.0,1.0,1.0,Dam,-1.0,,,,,,,,,,MM_Points,J:/Conservation Program/Freshwater/Fish Passage/National Aquatic Barrier Database/GIS work folder/Barrier_Databases/NHN_Barriers/NHN_Barriers.gdb|layername=MM_Points,4338.0,5aa33814df8944638a8a77a7fcbd320e,,,,,,,,,,,,,,,,,,,,,,,,,,,,,,,,,,,,,,,,,,,,,,,,,,,,,,,,,,,,,,,,,,POINT (-57.62057343777964 49.01567708079834),02YL000-25409,1.16,-57.62057343777964,49.01567708079834
22,,,,,,,,,,,,,,,,,,,,,,,,,,,,,,,,,,,,,,,,,,,,,,,,,,,,,,,,,,,,,nhn,433.0,1925f8a664e04c449d03c07b627a8e8b,1986,5.0,02YL000,10.0,2.0,1.0,1.0,Dam,-1.0,,,,,,,,,,MM_Points,J:/Conservation Program/Freshwater/Fish Passage/National Aquatic Barrier Database/GIS work folder/Barrier_Databases/NHN_Barriers/NHN_Barriers.gdb|layername=MM_Points,4339.0,1925f8a664e04c449d03c07b627a8e8b,,,,,,,,,,,,,,,,,,,,,,,,,,,,,,,,,,,,,,,,,,,,,,,,,,,,,,,,,,,,,,,,,,POINT (-57.9915388731327 49.09801869161202),02YL000-25389,1.16,-57.9915388731327,49.09801869161202
23,,,,,,,,,,,,,,,,,,,,,,,,,,,,,,,,,,,,,,,,,,,,,,,,,,,,,,,,,,,,,nhn,436.0,044064d5517740c2998f482c93c9c126,1986,5.0,02YL000,10.0,2.0,1.0,1.0,Dam,-1.0,,,,,,,,,,MM_Points,J:/Conservation Program/Freshwater/Fish Passage/National Aquatic Barrier Database/GIS work folder/Barrier_Databases/NHN_Barriers/NHN_Barriers.gdb|layername=MM_Points,4340.0,044064d5517740c2998f482c93c9c126,,,,,,,,,,,,,,,,,,,,,,,,,,,,,,,,,,,,,,,,,,,,,,,,,,,,,,,,,,,,,,,,,,POINT (-57.94683865639859 49.06001538588542),02YL000-16553,1.16,-57.94683865639859,49.06001538588542
24,,,,,,,,,,,,,,,,,,,,,,,,,,,,,,,,,,,,,,,,,,,,,,,,,,,,,,,,,,,,,nhn,435.0,3b9b657b46ed45a8a189faebfd53b494,1986,5.0,02YL000,10.0,2.0,1.0,1.0,Dam,-1.0,,,,,,,,,,MM_Points,J:/Conservation Program/Freshwater/Fish Passage/National Aquatic Barrier Database/GIS work folder/Barrier_Databases/NHN_Barriers/NHN_Barriers.gdb|layername=MM_Points,4341.0,3b9b657b46ed45a8a189faebfd53b494,,,,,,,,,,,,,,,,,,,,,,,,,,,,,,,,,,,,,,,,,,,,,,,,,,,,,,,,,,,,,,,,,,POINT (-57.62944154083323 49.00385297887633),02YL000-26591,1.16,-57.62944154083323,49.00385297887633
25,,,,,,,,,,,,,,,,,,,,,,,,,,,,,,,,,,,,,,,,,,,,,,,,,,,,,,,,,,,,,nhn,438.0,9da508b121f648e6bf99cee86f152ea1,1986,5.0,02YL000,10.0,2.0,1.0,1.0,Dam,-1.0,,,,,,,,,,MM_Points,J:/Conservation Program/Freshwater/Fish Passage/National Aquatic Barrier Database/GIS work folder/Barrier_Databases/NHN_Barriers/NHN_Barriers.gdb|layername=MM_Points,4342.0,9da508b121f648e6bf99cee86f152ea1,,,,,,,,,,,,,,,,,,,,,,,,,,,,,,,,,,,,,,,,,,,,,,,,,,,,,,,,,,,,,,,,,,POINT (-57.6466725491797 49.16683390452422),02YL000-24434,1.16,-57.646672549179705,49.166833904524225
26,,,,,,,,,,,,,,,,,,,,,,,,,,,,,,,,,,,,,,,,,,,,,,,,,,,,,,,,,,,,,nhn,437.0,fdab239d240b40469e68aaca7a31a5f5,1986,5.0,02YL000,10.0,2.0,1.0,1.0,Dam,-1.0,,,,,,,,,,MM_Points,J:/Conservation Program/Freshwater/Fish Passage/National Aquatic Barrier Database/GIS work folder/Barrier_Databases/NHN_Barriers/NHN_Barriers.gdb|layername=MM_Points,4343.0,fdab239d240b40469e68aaca7a31a5f5,,,,,,,,,,,,,,,,,,,,,,,,,,,,,,,,,,,,,,,,,,,,,,,,,,,,,,,,,,,,,,,,,,POINT (-57.38860715837151 49.39776534210392),02YL000-843,1.17,-57.388607158371514,49.39776534210392
27,,,,,,,,,,,,,,,,,,,,,,,,,,,,,,,,,,,,,,,,,,,,,,,,,,,,,,,,,,,,,nhn,440.0,9eb9e8e6b9fd439197978eac65ae1457,1986,5.0,02YL000,10.0,2.0,1.0,1.0,Dam,-1.0,,,,,,,,,,MM_Points,J:/Conservation Program/Freshwater/Fish Passage/National Aquatic Barrier Database/GIS work folder/Barrier_Databases/NHN_Barriers/NHN_Barriers.gdb|layername=MM_Points,4344.0,9eb9e8e6b9fd439197978eac65ae1457,,,,,,,,,,,,,,,,,,,,,,,,,,,,,,,,,,,,,,,,,,,,,,,,,,,,,,,,,,,,,,,,,,POINT (-57.83514141527959 49.00961077859235),02YL000-23319,1.16,-57.835141415279594,49.009610778592354
28,,,,,,,,,,,,,,,,,,,,,,,,,,,,,,,,,,,,,,,,,,,,,,,,,,,,,,,,,,,,,nhn,439.0,ec272e1198154485adda95fc94f4c045,1986,5.0,02YL000,10.0,2.0,1.0,1.0,Dam,-1.0,,,,,,,,,,MM_Points,J:/Conservation Program/Freshwater/Fish Passage/National Aquatic Barrier Database/GIS work folder/Barrier_Databases/NHN_Barriers/NHN_Barriers.gdb|layername=MM_Points,4345.0,ec272e1198154485adda95fc94f4c045,,,,,,,,,,,,,,,,,,,,,,,,,,,,,,,,,,,,,,,,,,,,,,,,,,,,,,,,,,,,,,,,,,POINT (-57.75703928732057 49.03028888233151),02YL000-11214,1.16,-57.75703928732057,49.03028888233151
29,,,,,,,,,,,,,,,,,,,,,,,,,,,,,,,,,,,,,,,,,,,,,,,,,,,,,,,,,,,,,nhn,441.0,60d71d2402e14a96bba8cd66263f6d32,1986,5.0,02YL000,10.0,2.0,1.0,1.0,Dam,-1.0,,,,,,,,,,MM_Points,J:/Conservation Program/Freshwater/Fish Passage/National Aquatic Barrier Database/GIS work folder/Barrier_Databases/NHN_Barriers/NHN_Barriers.gdb|layername=MM_Points,4347.0,60d71d2402e14a96bba8cd66263f6d32,,,,,,,,,,,,,,,,,,,,,,,,,,,,,,,,,,,,,,,,,,,,,,,,,,,,,,,,,,,,,,,,,,POINT (-57.04334763536437 49.64902638272103),02YL000-18039,1.17,-57.04334763536437,49.649026382721026
30,,,,,,,,,,,,,,,,,,,,,,,,,,,,,,,,,,,,,,,,,,,,,,,,,,,,,,,,,,,,,nhn,430.0,e211e319ff5c48bbbe0ef7c221ec62de,1986,5.0,02YL000,17.0,2.0,1.0,1.0,Dam,-1.0,,,,,,,,,,MM_Points,J:/Conservation Program/Freshwater/Fish Passage/National Aquatic Barrier Database/GIS work folder/Barrier_Databases/NHN_Barriers/NHN_Barriers.gdb|layername=MM_Points,4393.0,e211e319ff5c48bbbe0ef7c221ec62de,,,,,,,,,,,,,,,,,,,,,,,,,,,,,,,,,,,,,,,,,,,,,,,,,,,,,,,,,,,,,,,,,,POINT (-58.00452647552662 48.94190996679737),02YL000-12630,1.15,-58.004526475526625,48.94190996679737
31,,,,,,,,,,,,,,,,,,,,,,,,,,,,,,,,,,,,,,,,,,,,,,,,,,,,,,,,,,,,,nhn,431.0,8b894ececb3c40f58cd0431707b0171c,1986,5.0,02YL000,10.0,2.0,1.0,1.0,Dam,-1.0,,,,,,,,,,MM_Points,J:/Conservation Program/Freshwater/Fish Passage/National Aquatic Barrier Database/GIS work folder/Barrier_Databases/NHN_Barriers/NHN_Barriers.gdb|layername=MM_Points,4396.0,8b894ececb3c40f58cd0431707b0171c,,,,,,,,,,,,,,,,,,,,,,,,,,,,,,,,,,,,,,,,,,,,,,,,,,,,,,,,,,,,,,,,,,POINT (-57.42216537023672 49.3696434375422),02YL000-3271,1.16,-57.42216537023672,49.3696434375422
32,,,Blue Gulch Brook West Dam,,,,,,,,,,,,,,,,,,,,,,,,,,,,,,,,,,,,,,,,,,,,,,,,,,,,,,,,,,nlprov,944.0,,,,,,,,,,,,,,,,,,,,,,,,49.0087555555556,-57.561713888888896,408.0,Pasadena Water Supply,Town of Pasadena,,Active,Primary,,,,,,,,CAD = concrete arch,,2.0,944.0,,,,,,,,,,,,,,,,,,,,,,,,,,,,,,,,,,,,,,,,,,,,,,,POINT (-57.5617099046079 49.00876563575813),02YL000-27035,3.64,-57.5617099046079,49.00876563575813
33,,,Water Supply Dam,,,,,,,,,,,,,,,,,,,,,,,,,,,,,,,,,,,,,,,,,,,,,,,,,,,,,,,,,,nlprov,945.0,,,,,,,,,,,,,,,,,,,,,,,,48.9982472222222,-57.871769444444396,409.0,Hughes Brook Water Supply,Town of Hughes Brook,1986,Active,Primary,,,,,,,,CGD = concrete gravity,,3.0,945.0,,,,,,,,,,,,,,,,,,,,,,,,,,,,,,,,,,,,,,,,,,,,,,,POINT (-57.87176557231606 48.99825729915422),02YL000-13189,120.93,-57.871765572316065,48.99825729915422
34,,,Jackie Tapp's Brook Dam,,,,,,,,,,,,,,,,,,,,,,,,,,,,,,,,,,,,,,,,,,,,,,,,,,,,,,,,,,nlprov,946.0,,,,,,,,,,,,,,,,,,,,,,,,49.01206944444439,-58.035849999999996,410.0,Gillams Old Water Supply,Town of Gillams,1986,Active,Primary,,,,,,,,CGD = concrete gravity,Concrete faced rockfill dam also checked on update form,1.0,946.0,,,,,,,,,,,,,,,,,,,,,,,,,,,,,,,,,,,,,,,,,,,,,,,POINT (-58.03584618783765 49.01207952178774),02YL000-10923,17.38,-58.03584618783765,49.01207952178774
35,,,Irishtown Brook Dam,,,,,,,,,,,,,,,,,,,,,,,,,,,,,,,,,,,,,,,,,,,,,,,,,,,,,,,,,,nlprov,957.0,,,,,,,,,,,,,,,,,,,,,,,,48.9930555555556,-57.9363888888889,421.0,Irishtown - Summerside Water Supply,Town of Irishtown - Summerside,1990,Active,Primary,,,,,,,,CGD = concrete gravity,,4.0,957.0,,,,,,,,,,,,,,,,,,,,,,,,,,,,,,,,,,,,,,,,,,,,,,,POINT (-57.9367838517966 48.99331317538451),02YL000-27362,1.15,-57.9367838517966,48.993313175384515
36,,,Pynn's Pond Dam,,,,,,,,,,,,,,,,,,,,,,,,,,,,,,,,,,,,,,,,,,,,,,,,,,,,,,,,,,nlprov,961.0,,,,,,,,,,,,,,,,,,,,,,,,48.996388888888895,-57.9675,425.0,Irishtown - Summerside Water Supply,Town of Irishtown - Summerside,,Active,Primary,,,,,,,,CFRD = concrete faced rockfill dam,,3.0,961.0,,,,,,,,,,,,,,,,,,,,,,,,,,,,,,,,,,,,,,,,,,,,,,,POINT (-57.96749616243882 48.99639896496699),02YL000-26877,13.61,-57.96749616243882,48.99639896496699
37,,,Blue Gulch Brook Lower Dam,,,,,,,,,,,,,,,,,,,,,,,,,,,,,,,,,,,,,,,,,,,,,,,,,,,,,,,,,,nlprov,963.0,,,,,,,,,,,,,,,,,,,,,,,,49.01479444444439,-57.588119444444395,427.0,Pasadena Old Swimming Pool,Town of Pasadena,,Decommissioned,,,,,,,,Primary,,,,963.0,,,,,,,,,,,,,,,,,,,,,,,,,,,,,,,,,,,,,,,,,,,,,,,POINT (-57.58811546961617 49.01480452416355),02YL000-27434,12.75,-57.58811546961617,49.01480452416355
38,,,Dormody's Brook Dam,,,,,,,,,,,,,,,,,,,,,,,,,,,,,,,,,,,,,,,,,,,,,,,,,,,,,,,,,,nlprov,970.0,,,,,,,,,,,,,,,,,,,,,,,,48.9819722222222,-58.1497777777778,435.0,Humber Arm South Water Supply,Town of Humber Arm South,2004,Active,Primary,,Primary,,,,,,EF = earthfill,,6.0,970.0,,,,,,,,,,,,,,,,,,,,,,,,,,,,,,,,,,,,,,,,,,,,,,,POINT (-58.14977400644531 48.98198229377651),02YL000-20976,6.7,-58.14977400644531,48.98198229377651
39,,,Deep Bank Dam,,,,,,,,,,,,,,,,,,,,,,,,,,,,,,,,,,,,,,,,,,,,,,,,,,,,,,,,,,nlprov,987.0,,,,,,,,,,,,,,,,,,,,,,,,49.178422222222196,-57.3741861111111,355.0,Deer Lake Hydroelectric Generating Station,Deer Lake Power,,Active,,,Primary,,,,,,EF = earthfill,,12.0,987.0,,,,,,,,,,,,,,,,,,,,,,,,,,,,,,,,,,,,,,,,,,,,,,,POINT (-57.37514315093436 49.1778260076893),02YL000-6070,1.16,-57.375143150934356,49.1778260076893
40,,,John's Brook Dam,,,,,,,,,,,,,,,,,,,,,,,,,,,,,,,,,,,,,,,,,,,,,,,,,,,,,,,,,,nlprov,990.0,,,,,,,,,,,,,,,,,,,,,,,,49.025916666666696,-58.148777777777795,358.0,Humber Arm South Old Water Supply,Town of Humber Arm South,,,Primary,,,,,,,,RFTC = rock filled timber crib,,,990.0,,,,,,,,,,,,,,,,,,,,,,,,,,,,,,,,,,,,,,,,,,,,,,,POINT (-58.1487740075715 49.02592674615575),02YL000-26506,10.85,-58.1487740075715,49.02592674615575
41,,,First Pond Dam (Second Pond Dam),,,,,,,,,,,,,,,,,,,,,,,,,,,,,,,,,,,,,,,,,,,,,,,,,,,,,,,,,,nlprov,994.0,,,,,,,,,,,,,,,,,,,,,,,,48.946725,-58.009225,362.0,Curling Water Supply,City of Corner Brook,1983,Active,,,,,,,,Primary,EF = earthfill,earth fill concrete core,4.0,994.0,,,,,,,,,,,,,,,,,,,,,,,,,,,,,,,,,,,,,,,,,,,,,,,POINT (-58.00865537709182 48.94687196755897),02YL000-10659,1.15,-58.00865537709182,48.94687196755897
42,,,John Frank's Brook Temporary Water Supply Dam,,,,,,,,,,,,,,,,,,,,,,,,,,,,,,,,,,,,,,,,,,,,,,,,,,,,,,,,,,nlprov,999.0,,,,,,,,,,,,,,,,,,,,,,,,49.0506111111111,-58.17227777777779,367.0,Humber Arm South Temporary Water Supply,Town of Humber Arm South,1989,Active,Primary,,,,,,,,XX = other type,temporary gabion basket,2.0,999.0,,,,,,,,,,,,,,,,,,,,,,,,,,,,,,,,,,,,,,,,,,,,,,,POINT (-58.17227401505566 49.05062119426302),02YL000-19283,8.32,-58.172274015055656,49.05062119426302
43,,,Chute Brook Dam,,,,,,,,,,,,,,,,,,,,,,,,,,,,,,,,,,,,,,,,,,,,,,,,,,,,,,,,,,nlprov,1005.0,,,,,,,,,,,,,,,,,,,,,,,,49.148777777777795,-57.453500000000005,452.0,St. Judes Water Supply,Local Service District of St. Judes,,Active,Primary,,,,,,,,CFRD = concrete faced rockfill dam,,2.0,1005.0,,,,,,,,,,,,,,,,,,,,,,,,,,,,,,,,,,,,,,,,,,,,,,,POINT (-57.45349597959185 49.14878788149811),02YL000-25492,1611.69,-57.45349597959185,49.14878788149811
44,,,Uncle Arthur Brook Dam,,,,,,,,,,,,,,,,,,,,,,,,,,,,,,,,,,,,,,,,,,,,,,,,,,,,,,,,,,nlprov,1006.0,,,,,,,,,,,,,,,,,,,,,,,,49.1465,-57.4551111111111,453.0,St. Judes Water Supply,Local Service District of St. Judes,,Active,Primary,,,,,,,,CFRD = concrete faced rockfill dam,,2.0,1006.0,,,,,,,,,,,,,,,,,,,,,,,,,,,,,,,,,,,,,,,,,,,,,,,POINT (-57.45510709125981 49.14651010194015),02YL000-27080,1438.94,-57.45510709125981,49.14651010194015
45,,,Cox's Cove Brook Dam,,,,,,,,,,,,,,,,,,,,,,,,,,,,,,,,,,,,,,,,,,,,,,,,,,,,,,,,,,nlprov,1014.0,,,,,,,,,,,,,,,,,,,,,,,,49.088472222222194,-58.0390555555556,541.0,Cox's Cove Water Supply,Town of Cox's Cove,,Active,Primary,,,,,,,,XX = other type,Rockfilled gabion basket dam,5.0,1014.0,,,,,,,,,,,,,,,,,,,,,,,,,,,,,,,,,,,,,,,,,,,,,,,POINT (-58.03909399020749 49.0884812898006),02YL000-25611,1.16,-58.03909399020749,49.0884812898006
46,,,Pynn's Brook Dam,,,,,,,,,,,,,,,,,,,,,,,,,,,,,,,,,,,,,,,,,,,,,,,,,,,,,,,,,,nlprov,1025.0,,,,,,,,,,,,,,,,,,,,,,,,49.06447222222219,-57.5493527777778,469.0,Agrifoods Division Water Supply,Department of Transportation and Works,2008,Active,,,,,,,,Primary,XX = other type,Gabion baskets with blast rock. PVC lining,,1025.0,,,,,,,,,,,,,,,,,,,,,,,,,,,,,,,,,,,,,,,,,,,,,,,POINT (-57.54934879156929 49.06448231024741),02YL000-27197,1096.76,-57.54934879156929,49.06448231024741
47,,,Birchy Basin Dam,,,,,,,,,,,,,,,,,,,,,,,,,,,,,,,,,,,,,,,,,,,,,,,,,,,,,,,,,,nlprov,1050.0,,,,,,,,,,,,,,,,,,,,,,,,49.519444444444396,-57.09722222222219,440.0,Birchy Basin (DUC Project #6658),Ducks Unlimited Canada,1995,Active,,,,,,,,Primary,CGD = concrete gravity,,2.0,1050.0,,,,,,,,,,,,,,,,,,,,,,,,,,,,,,,,,,,,,,,,,,,,,,,POINT (-57.09721807592344 49.51945460727045),02YL000-25909,14.41,-57.09721807592344,49.51945460727045
48,,,Margaret Bowater Park Dam,,,,,,,,,,,,,,,,,,,,,,,,,,,,,,,,,,,,,,,,,,,,,,,,,,,,,,,,,,nlprov,1051.0,,,,,,,,,,,,,,,,,,,,,,,,48.9438333333333,-57.93479444444439,448.0,Corner Brook Margaret Bowater Park,City of Corner Brook,1994,Active,,,,,,,,Primary,CGD = concrete gravity,,6.0,1051.0,,,,,,,,,,,,,,,,,,,,,,,,,,,,,,,,,,,,,,,,,,,,,,,POINT (-57.93499585043455 48.94377986753552),02YL000-26901,1.15,-57.93499585043455,48.94377986753552
49,,,Clarke's Brook Dam,,,,,,,,,,,,,,,,,,,,,,,,,,,,,,,,,,,,,,,,,,,,,,,,,,,,,,,,,,nlprov,1056.0,,,,,,,,,,,,,,,,,,,,,,,,48.981249999999996,-58.1481666666667,681.0,Humber Arm South Backup Water Supply,Town of Humber Arm South,1987,Active,Primary,Primary,,,,,,,"RFCC = rockfill, central core",,,1056.0,,,,,,,,,,,,,,,,,,,,,,,,,,,,,,,,,,,,,,,,,,,,,,,POINT (-58.14816289473991 48.98126007138296),02YL000-27006,21.62,-58.14816289473991,48.981260071382955
50,,,Second Pond Dam (Third Pond Dam),,,,,,,,,,,,,,,,,,,,,,,,,,,,,,,,,,,,,,,,,,,,,,,,,,,,,,,,,,nlprov,1068.0,,,,,,,,,,,,,,,,,,,,,,,,48.9385222222222,-58.00301111111111,693.0,Curling Water Supply,City of Corner Brook,1959,Active,,,,,,,,Primary,EF = earthfill,earth fill concrete core,4.0,1068.0,,,,,,,,,,,,,,,,,,,,,,,,,,,,,,,,,,,,,,,,,,,,,,,POINT (-58.00300728549462 48.93853228875771),02YL000-11843,144.56,-58.00300728549462,48.938532288757706
51,,,Samm's Brook Dam,,,,,,,,,,,,,,,,,,,,,,,,,,,,,,,,,,,,,,,,,,,,,,,,,,,,,,,,,,nlprov,1079.0,,,,,,,,,,,,,,,,,,,,,,,,49.11266944444439,-57.5054611111111,718.0,Taylor Estates Water Supply,Taylor Estates Management Corporation,,Active,Primary,,,,,,,,CGD = concrete gravity,,3.0,1079.0,,,,,,,,,,,,,,,,,,,,,,,,,,,,,,,,,,,,,,,,,,,,,,,POINT (-57.50545710845007 49.11267954158292),02YL000-10153,18.63,-57.50545710845007,49.11267954158292
52,,,Glynmill Pond Dam,,,,,,,,,,,,,,,,,,,,,,,,,,,,,,,,,,,,,,,,,,,,,,,,,,,,,,,,,,nlprov,1091.0,,,,,,,,,,,,,,,,,,,,,,,,48.947388888888895,-57.94275,608.0,Corner Brook Pulp and Paper Limited,Corner Brook Pulp and Paper Limited,1989,Active,,Primary,,Primary,,,,,CGD = concrete gravity,,10.0,1091.0,,,,,,,,,,,,,,,,,,,,,,,,,,,,,,,,,,,,,,,,,,,,,,,POINT (-57.94274615421597 48.94739895786478),02YL000-25729,8.42,-57.942746154215975,48.94739895786478
53,,,Corner Brook Lake Dam (Twelve Mile Lake Dam),,,,,,,,,,,,,,,,,,,,,,,,,,,,,,,,,,,,,,,,,,,,,,,,,,,,,,,,,,nlprov,1093.0,,,,,,,,,,,,,,,,,,,,,,,,48.84894444444439,-57.851666666666695,628.0,Corner Brook Pulp and Paper Limited,Corner Brook Pulp and Paper Limited,1974,Active,,Primary,Secondary,,,,,,EF = earthfill,,8.0,1093.0,,,,,,,,,,,,,,,,,,,,,,,,,,,,,,,,,,,,,,,,,,,,,,,POINT (-57.85166278692365 48.84895449646962),02YL000-10705,12.18,-57.85166278692365,48.848954496469624
54,,,Three Mile Pond Dam,,,,,,,,,,,,,,,,,,,,,,,,,,,,,,,,,,,,,,,,,,,,,,,,,,,,,,,,,,nlprov,1094.0,,,,,,,,,,,,,,,,,,,,,,,,48.9242222222222,-57.9018888888889,629.0,Corner Brook Pulp and Paper Limited,Corner Brook Pulp and Paper Limited,,Active,,,Secondary,,,,,,CGD = concrete gravity,,10.0,1094.0,,,,,,,,,,,,,,,,,,,,,,,,,,,,,,,,,,,,,,,,,,,,,,,POINT (-57.90188502748941 48.92423228695622),02YL000-26873,4.21,-57.901885027489406,48.92423228695622
55,,,McIvers Reservoir Dam,,,,,,,,,,,,,,,,,,,,,,,,,,,,,,,,,,,,,,,,,,,,,,,,,,,,,,,,,,nlprov,1095.0,,,,,,,,,,,,,,,,,,,,,,,,49.073833333333305,-58.095277777777795,648.0,McIvers Water Supply,Town of McIvers,2010,Active,Primary,,,,,,,,CGD = concrete gravity,Concrete wall dam replaced old Rock Gabion dam in 2010.,4.0,1095.0,,,,,,,,,,,,,,,,,,,,,,,,,,,,,,,,,,,,,,,,,,,,,,,POINT (-58.09527398919586 49.07384342014495),02YL000-20838,10.99,-58.09527398919586,49.073843420144954
56,,,Meaters Pond Dam #1,,,,,,,,,,,,,,,,,,,,,,,,,,,,,,,,,,,,,,,,,,,,,,,,,,,,,,,,,,nlprov,1096.0,,,,,,,,,,,,,,,,,,,,,,,,49.0022777777778,-58.0345833333333,649.0,Meadows Water Supply,Town of Meadows,1978,Active,Primary,,,,,,,,EF = Earthfill,,3.0,1096.0,,,,,,,,,,,,,,,,,,,,,,,,,,,,,,,,,,,,,,,,,,,,,,,POINT (-58.03457951963825 49.00228785416132),02YL000-2664,21.65,-58.03457951963825,49.002287854161324
57,,,Meadow Pond Dam #2,,,,,,,,,,,,,,,,,,,,,,,,,,,,,,,,,,,,,,,,,,,,,,,,,,,,,,,,,,nlprov,1125.0,,,,,,,,,,,,,,,,,,,,,,,,49.009722222222194,-58.0311111111111,788.0,Meadows Water Supply,Town of Meadows,2001,Active,Primary,,,,,,,,EF = Earthfill,,2.0,1125.0,,,,,,,,,,,,,,,,,,,,,,,,,,,,,,,,,,,,,,,,,,,,,,,POINT (-58.0305913859584 49.00995187742577),02YL000-10923,1.15,-58.0305913859584,49.00995187742577
58,,,Pynn's Brook Dam,,,,,,,,,,,,,,,,,,,,,,,,,,,,,,,,,,,,,,,,,,,,,,,,,,,,,,,,,,nlprov,1186.0,,,,,,,,,,,,,,,,,,,,,,,,49.079136111111104,-57.5176611111111,888.0,Pynn's Brook Water Supply,Local Service District of Pynn's Brook,1996,Active,Primary,,,,,,,,XX = other type,rock filled gabions,2.0,1186.0,,,,,,,,,,,,,,,,,,,,,,,,,,,,,,,,,,,,,,,,,,,,,,,POINT (-57.51765711236393 49.0791462026347),02YL000-27107,1.13,-57.51765711236393,49.0791462026347
59,,,Blue Gulch Brook East Dam,,,,,,,,,,,,,,,,,,,,,,,,,,,,,,,,,,,,,,,,,,,,,,,,,,,,,,,,,,nlprov,1188.0,,,,,,,,,,,,,,,,,,,,,,,,49.0104972222222,-57.5455166666667,890.0,Pasadena Water Supply,Town of Pasadena,,Active,Primary,,,,,,,,,,,1188.0,,,,,,,,,,,,,,,,,,,,,,,,,,,,,,,,,,,,,,,,,,,,,,,POINT (-57.54551267677689 49.01050730187149),02YL000-26876,12.27,-57.545512676776895,49.01050730187149
60,,,Hatchery Brook Dam,,,,,,,,,,,,,,,,,,,,,,,,,,,,,,,,,,,,,,,,,,,,,,,,,,,,,,,,,,nlprov,1197.0,,,,,,,,,,,,,,,,,,,,,,,,49.007886111111105,-57.8614722222222,899.0,Hughes Brook Salmon Enhancement Project,North Shore Development Association,,Active,,,,,,,,Primary,XX = other type,,2.0,1197.0,,,,,,,,,,,,,,,,,,,,,,,,,,,,,,,,,,,,,,,,,,,,,,,POINT (-57.86146834587371 49.00789618933509),02YL000-1111,7.89,-57.86146834587371,49.007896189335085
61,,,Fairfax Brook Dam,,,,,,,,,,,,,,,,,,,,,,,,,,,,,,,,,,,,,,,,,,,,,,,,,,,,,,,,,,nlprov,1323.0,,,,,,,,,,,,,,,,,,,,,,,,49.079583333333304,-58.404444444444394,1508.0,Lark Harbour Water Supply,Town of Lark Harbour,2013,Active,Primary,,,,,,,,"RFCC = rockfill, central core",,11.0,1323.0,,,,,,,,,,,,,,,,,,,,,,,,,,,,,,,,,,,,,,,,,,,,,,,POINT (-58.40444076618547 49.07959341915713),02YL000-14141,7.82,-58.40444076618547,49.079593419157135
62,,,Third Pond Dam (Fourth Pond Dam),,,,,,,,,,,,,,,,,,,,,,,,,,,,,,,,,,,,,,,,,,,,,,,,,,,,,,,,,,nlprov,1356.0,,,,,,,,,,,,,,,,,,,,,,,,48.9259916666667,-58.0118305555556,1748.0,Curling Water Supply,City of Corner Brook,,Active,Primary,,,,,,,,,,,1356.0,,,,,,,,,,,,,,,,,,,,,,,,,,,,,,,,,,,,,,,,,,,,,,,POINT (-58.01182673346418 48.92600173037231),02YL000-5078,4.69,-58.011826733464176,48.92600173037231
63,,,Gurges Pond Intake Dam,,,,,,,,,,,,,,,,,,,,,,,,,,,,,,,,,,,,,,,,,,,,,,,,,,,,,,,,,,nlprov,1391.0,,,,,,,,,,,,,,,,,,,,,,,,49.03474444444439,-58.1719611111111,2628.0,Humber Arm South Water Supply,Town of Humber Arm South,2012,Active,Primary,,,,,,,,XX = other type,,,1391.0,,,,,,,,,,,,,,,,,,,,,,,,,,,,,,,,,,,,,,,,,,,,,,,POINT (-58.17195734925695 49.03475452423186),02YL000-6819,80.8,-58.17195734925695,49.034754524231865
64,,,Unknown Dam,,,,,,,,,,,,,,,,,,,,,,,,,,,,,,,,,,,,,,,,,,,,,,,,,,,,,,,,,,nlprov,1411.0,,,,,,,,,,,,,,,,,,,,,,,,49.3344166666667,-57.35613888888889,2929.0,Cormack (KMZ #11),Unknown Owner,,Active,,,,,,,,,EF = earthfill,,,1411.0,,,,,,,,,,,,,,,,,,,,,,,,,,,,,,,,,,,,,,,,,,,,,,,POINT (-57.35613483554444 49.33442680014223),02YL000-24207,18.56,-57.35613483554444,49.33442680014223
65,,,Old Man's Pond Dam,,,,,,,,,,,,,,,,,,,,,,,,,,,,,,,,,,,,,,,,,,,,,,,,,,,,,,,,,,nlprov,1412.0,,,,,,,,,,,,,,,,,,,,,,,,49.1056833333333,-57.8962305555556,2930.0,,Unknown Owner,,Abandoned,,,,,,,,,RFTC = rock filled timber crib,,,1412.0,,,,,,,,,,,,,,,,,,,,,,,,,,,,,,,,,,,,,,,,,,,,,,,POINT (-57.8962266938988 49.10569342708288),02YL000-194,7.86,-57.896226693898804,49.105693427082876
66,,,,,,,,,,,,,,,,,,,,,,,,,,,,,,,,,,,,,,,,,,,,,,,,,,,,,,,,,,,,,npdp,,,,,,,,,,,,,,,,,,,,,,,,,,,,,,,,,,,,,,,,,,,,787.0,97.0,Main Diversion D. Grand Lake,,Buttress,25.0,226.0,Unknown,49.169952,-57.436113,,Hydroelectricity,,Canada,NF,Junction Brook,,,,1924.0,,"1,788,560,000.00",,,,,,"27,000.00",,,,,,,,,787,,,,,,,,,,POINT (-57.43660532081138 49.17022440945222),02YL000-1925,5.6,-57.43660532081138,49.170224409452224
67,,,,,,,,,,,,,,,,,,,,,,,,,,,,,,,,,,,,,,,,,,,,,,,,,,,,,,,,,,,,,falls,149970.0,ea26c81b52ef4cddab421eca36c110ac,,,,,2.0,,,,,,,,,,,,,,NHN_OB_0_falls,\\cwf-stge-svr4\share\Conservation Program\Freshwater\Fish Passage\National Aquatic Barrier Database\GIS work folder\Barrier_Databases\NHN_Barriers\NHN_OB_0_falls.gpkg|layername=NHN_OB_0_falls,,,,,,,,,,,,,,,,,,,,,,,,,,,,,,,,,,,,,,,,,,,,,,,,,,,,,,,,,,,1986,5.0,02YL000,17.0,1.0,1.0,Falls,,,POINT (-58.09071070664136 48.94046766600696),02YL000-26480,1.15,-58.09071070664136,48.94046766600696
68,,,,,,,,,,,,,,,,,,,,,,,,,,,,,,,,,,,,,,,,,,,,,,,,,,,,,,,,,,,,,falls,149988.0,0d741e4c810a4402b0a4fb7d54f657a1,,,,,2.0,,,,,,,,,,,,,,NHN_OB_0_falls,\\cwf-stge-svr4\share\Conservation Program\Freshwater\Fish Passage\National Aquatic Barrier Database\GIS work folder\Barrier_Databases\NHN_Barriers\NHN_OB_0_falls.gpkg|layername=NHN_OB_0_falls,,,,,,,,,,,,,,,,,,,,,,,,,,,,,,,,,,,,,,,,,,,,,,,,,,,,,,,,,,,1986,5.0,02YL000,10.0,1.0,1.0,Falls,,,POINT (-57.31073433145166 49.52131896173449),02YL000-26740,1.17,-57.310734331451656,49.521318961734494
69,,,,,,,,,,,,,,,,,,,,,,,,,,,,,,,,,,,,,,,,,,,,,,,,,,,,,,,,,,,,,falls,150008.0,deb254892cfa44ed8bfbaa0fc097c987,,,,,2.0,,,,,,,,,,,,,,NHN_OB_0_falls,\\cwf-stge-svr4\share\Conservation Program\Freshwater\Fish Passage\National Aquatic Barrier Database\GIS work folder\Barrier_Databases\NHN_Barriers\NHN_OB_0_falls.gpkg|layername=NHN_OB_0_falls,,,,,,,,,,,,,,,,,,,,,,,,,,,,,,,,,,,,,,,,,,,,,,,,,,,,,,,,,,,1986,5.0,02YL000,10.0,1.0,1.0,Falls,,,POINT (-57.17947728356049 49.51085576070945),02YL000-26646,1.17,-57.179477283560495,49.51085576070945
70,,,,,,,,,,,,,,,,,,,,,,,,,,,,,,,,,,,,,,,,,,,,,,,,,,,,,,,,,,,,,falls,150031.0,2a4d97f612754fb3a253cab1340785ce,,,,,2.0,,,,,,,,,,,,,,NHN_OB_0_falls,\\cwf-stge-svr4\share\Conservation Program\Freshwater\Fish Passage\National Aquatic Barrier Database\GIS work folder\Barrier_Databases\NHN_Barriers\NHN_OB_0_falls.gpkg|layername=NHN_OB_0_falls,,,,,,,,,,,,,,,,,,,,,,,,,,,,,,,,,,,,,,,,,,,,,,,,,,,,,,,,,,,1986,5.0,02YL000,17.0,1.0,1.0,Falls,,,POINT (-58.24835086479957 49.01571177688247),02YL000-11257,1.15,-58.24835086479957,49.01571177688247
71,,,,,,,,,,,,,,,,,,,,,,,,,,,,,,,,,,,,,,,,,,,,,,,,,,,,,,,,,,,,,falls,150033.0,0f665eef639d4c6aa35ceeffe824cb84,,,,,2.0,,,,,,,,,,,,,,NHN_OB_0_falls,\\cwf-stge-svr4\share\Conservation Program\Freshwater\Fish Passage\National Aquatic Barrier Database\GIS work folder\Barrier_Databases\NHN_Barriers\NHN_OB_0_falls.gpkg|layername=NHN_OB_0_falls,,,,,,,,,,,,,,,,,,,,,,,,,,,,,,,,,,,,,,,,,,,,,,,,,,,,,,,,,,,1986,5.0,02YL000,10.0,1.0,1.0,Falls,,,POINT (-57.90642794458182 49.25652161711597),02YL000-27332,1.16,-57.90642794458182,49.25652161711597
72,,,,,,,,,,,,,,,,,,,,,,,,,,,,,,,,,,,,,,,,,,,,,,,,,,,,,,,,,,,,,falls,150038.0,5edf2b6812e94d968eccd2c8d14e11a9,,,,,2.0,,,,,,,,,,,,,,NHN_OB_0_falls,\\cwf-stge-svr4\share\Conservation Program\Freshwater\Fish Passage\National Aquatic Barrier Database\GIS work folder\Barrier_Databases\NHN_Barriers\NHN_OB_0_falls.gpkg|layername=NHN_OB_0_falls,,,,,,,,,,,,,,,,,,,,,,,,,,,,,,,,,,,,,,,,,,,,,,,,,,,,,,,,,,,1986,5.0,02YL000,10.0,1.0,1.0,Falls,,,POINT (-57.82218000972544 48.94713316876167),02YL000-27049,1.16,-57.822180009725436,48.947133168761674
73,,,,,,,,,,,,,,,,,,,,,,,,,,,,,,,,,,,,,,,,,,,,,,,,,,,,,,,,,,,,,falls,150040.0,d27705e33cba457aa9376e7e02ed92dd,,,,,2.0,,,,,,,,,,,,,,NHN_OB_0_falls,\\cwf-stge-svr4\share\Conservation Program\Freshwater\Fish Passage\National Aquatic Barrier Database\GIS work folder\Barrier_Databases\NHN_Barriers\NHN_OB_0_falls.gpkg|layername=NHN_OB_0_falls,,,,,,,,,,,,,,,,,,,,,,,,,,,,,,,,,,,,,,,,,,,,,,,,,,,,,,,,,,,1986,5.0,02YL000,10.0,1.0,1.0,Falls,,,POINT (-58.04146429373964 49.26731231796666),02YL000-26131,1.16,-58.04146429373964,49.26731231796666
74,,,,,,,,,,,,,,,,,,,,,,,,,,,,,,,,,,,,,,,,,,,,,,,,,,,,,,,,,,,,,falls,150047.0,492f795027fe44f78ae7ad37f2a0fa87,,,,,2.0,,,,,,,,,,,,,,NHN_OB_0_falls,\\cwf-stge-svr4\share\Conservation Program\Freshwater\Fish Passage\National Aquatic Barrier Database\GIS work folder\Barrier_Databases\NHN_Barriers\NHN_OB_0_falls.gpkg|layername=NHN_OB_0_falls,,,,,,,,,,,,,,,,,,,,,,,,,,,,,,,,,,,,,,,,,,,,,,,,,,,,,,,,,,,1986,5.0,02YL000,10.0,1.0,1.0,Falls,,,POINT (-58.03324329084893 49.27353561899677),02YL000-27110,1.16,-58.03324329084893,49.273535618996775
75,,,,,,,,,,,,,,,,,,,,,,,,,,,,,,,,,,,,,,,,,,,,,,,,,,,,,,,,,,,,,falls,150053.0,81da5799fb8a4db0933ed19444332303,,,,,2.0,,,,,,,,,,,,,,NHN_OB_0_falls,\\cwf-stge-svr4\share\Conservation Program\Freshwater\Fish Passage\National Aquatic Barrier Database\GIS work folder\Barrier_Databases\NHN_Barriers\NHN_OB_0_falls.gpkg|layername=NHN_OB_0_falls,,,,,,,,,,,,,,,,,,,,,,,,,,,,,,,,,,,,,,,,,,,,,,,,,,,,,,,,,,,1986,5.0,02YL000,10.0,1.0,1.0,Falls,,,POINT (-57.91191854192677 48.93187166578811),02YL000-25405,1.15,-57.911918541926774,48.93187166578811
76,,,,,,,,,,,,,,,,,,,,,,,,,,,,,,,,,,,,,,,,,,,,,,,,,,,,,,,,,,,,,falls,150069.0,0d9385f77971446eb4ba83b3fbe5298a,,,,,2.0,,,,,,,,,,,,,,NHN_OB_0_falls,\\cwf-stge-svr4\share\Conservation Program\Freshwater\Fish Passage\National Aquatic Barrier Database\GIS work folder\Barrier_Databases\NHN_Barriers\NHN_OB_0_falls.gpkg|layername=NHN_OB_0_falls,,,,,,,,,,,,,,,,,,,,,,,,,,,,,,,,,,,,,,,,,,,,,,,,,,,,,,,,,,,1986,5.0,02YL000,10.0,1.0,1.0,Falls,,,POINT (-57.19634909116936 49.65014538224181),02YL000-13900,1.17,-57.19634909116936,49.65014538224181
77,,,,,,,,,,,,,,,,,,,,,,,,,,,,,,,,,,,,,,,,,,,,,,,,,,,,,,,,,,,,,falls,150073.0,a85a5e0f8a1349cbbc2f66db34931086,,,,,2.0,,,,,,,,,,,,,,NHN_OB_0_falls,\\cwf-stge-svr4\share\Conservation Program\Freshwater\Fish Passage\National Aquatic Barrier Database\GIS work folder\Barrier_Databases\NHN_Barriers\NHN_OB_0_falls.gpkg|layername=NHN_OB_0_falls,,,,,,,,,,,,,,,,,,,,,,,,,,,,,,,,,,,,,,,,,,,,,,,,,,,,,,,,,,,1986,5.0,02YL000,10.0,1.0,1.0,Falls,,,POINT (-58.04225719402118 49.26689931789667),02YL000-26131,1.16,-58.042257194021175,49.266899317896666
78,,,,,,,,,,,,,,,,,,,,,,,,,,,,,,,,,,,,,,,,,,,,,,,,,,,,,,,,,,,,,falls,150089.0,4b7c19eb78f04d9289c931e9fc915773,,,,,2.0,,,,,,,,,,,,,,NHN_OB_0_falls,\\cwf-stge-svr4\share\Conservation Program\Freshwater\Fish Passage\National Aquatic Barrier Database\GIS work folder\Barrier_Databases\NHN_Barriers\NHN_OB_0_falls.gpkg|layername=NHN_OB_0_falls,,,,,,,,,,,,,,,,,,,,,,,,,,,,,,,,,,,,,,,,,,,,,,,,,,,,,,,,,,,1986,5.0,02YL000,17.0,1.0,1.0,Falls,,,POINT (-58.06052459828592 49.10976049302437),02YL000-26177,1.16,-58.06052459828592,49.10976049302437
79,,,,,,,,,,,,,,,,,,,,,,,,,,,,,,,,,,,,,,,,,,,,,,,,,,,,,,,,,,,,,falls,150105.0,265222477c354658b68a44821f476d03,,,,,2.0,,,,,,,,,,,,,,NHN_OB_0_falls,\\cwf-stge-svr4\share\Conservation Program\Freshwater\Fish Passage\National Aquatic Barrier Database\GIS work folder\Barrier_Databases\NHN_Barriers\NHN_OB_0_falls.gpkg|layername=NHN_OB_0_falls,,,,,,,,,,,,,,,,,,,,,,,,,,,,,,,,,,,,,,,,,,,,,,,,,,,,,,,,,,,1986,5.0,02YL000,10.0,1.0,1.0,Falls,,,POINT (-57.28365622132171 49.4966040580174),02YL000-26666,1.17,-57.28365622132171,49.496604058017404
80,,,,,,,,,,,,,,,,,,,,,,,,,,,,,,,,,,,,,,,,,,,,,,,,,,,,,,,,,,,,,falls,150109.0,1e2fee891b25480fa1e625db2900bb86,,,,,2.0,,,,,,,,,,,,,,NHN_OB_0_falls,\\cwf-stge-svr4\share\Conservation Program\Freshwater\Fish Passage\National Aquatic Barrier Database\GIS work folder\Barrier_Databases\NHN_Barriers\NHN_OB_0_falls.gpkg|layername=NHN_OB_0_falls,,,,,,,,,,,,,,,,,,,,,,,,,,,,,,,,,,,,,,,,,,,,,,,,,,,,,,,,,,,1986,5.0,02YL000,10.0,1.0,1.0,Falls,,,POINT (-57.82597781358072 49.12584509702589),02YL000-26079,1.16,-57.82597781358072,49.12584509702589
81,,,,,,,,,,,,,,,,,,,,,,,,,,,,,,,,,,,,,,,,,,,,,,,,,,,,,,,,,,,,,falls,150117.0,d06d4386568546d4a679ab490b8141d1,,,,,2.0,,,,,,,,,,,,,,NHN_OB_0_falls,\\cwf-stge-svr4\share\Conservation Program\Freshwater\Fish Passage\National Aquatic Barrier Database\GIS work folder\Barrier_Databases\NHN_Barriers\NHN_OB_0_falls.gpkg|layername=NHN_OB_0_falls,,,,,,,,,,,,,,,,,,,,,,,,,,,,,,,,,,,,,,,,,,,,,,,,,,,,,,,,,,,1986,5.0,02YL000,10.0,1.0,1.0,Falls,,,POINT (-57.91344694727621 49.26685161869582),02YL000-2727,1.16,-57.91344694727621,49.266851618695824
82,,,,,,,,,,,,,,,,,,,,,,,,,,,,,,,,,,,,,,,,,,,,,,,,,,,,,,,,,,,,,falls,150150.0,54f59d0d78ae4c3aacdb1ff1a4589bd9,,,,,2.0,,,,,,,,,,,,,,NHN_OB_0_falls,\\cwf-stge-svr4\share\Conservation Program\Freshwater\Fish Passage\National Aquatic Barrier Database\GIS work folder\Barrier_Databases\NHN_Barriers\NHN_OB_0_falls.gpkg|layername=NHN_OB_0_falls,,,,,,,,,,,,,,,,,,,,,,,,,,,,,,,,,,,,,,,,,,,,,,,,,,,,,,,,,,,1986,5.0,02YL000,17.0,1.0,1.0,Falls,,,POINT (-58.24946806581536 49.05393828293059),02YL000-17086,1.15,-58.24946806581536,49.05393828293059
83,,,,,,,,,,,,,,,,,,,,,,,,,,,,,,,,,,,,,,,,,,,,,,,,,,,,,,,,,,,,,falls,150151.0,303dbc5fdc3246b4b379c9920c965c7f,,,,,2.0,,,,,,,,,,,,,,NHN_OB_0_falls,\\cwf-stge-svr4\share\Conservation Program\Freshwater\Fish Passage\National Aquatic Barrier Database\GIS work folder\Barrier_Databases\NHN_Barriers\NHN_OB_0_falls.gpkg|layername=NHN_OB_0_falls,,,,,,,,,,,,,,,,,,,,,,,,,,,,,,,,,,,,,,,,,,,,,,,,,,,,,,,,,,,1986,5.0,02YL000,17.0,1.0,1.0,Falls,,,POINT (-58.28113287661095 49.01291217621056),02YL000-7004,1.15,-58.281132876610954,49.012912176210556
84,,,,,,,,,,,,,,,,,,,,,,,,,,,,,,,,,,,,,,,,,,,,,,,,,,,,,,,,,,,,,falls,150153.0,7864699ce3fc4f2a9b0dc65bcb0a6f3c,,,,,2.0,,,,,,,,,,,,,,NHN_OB_0_falls,\\cwf-stge-svr4\share\Conservation Program\Freshwater\Fish Passage\National Aquatic Barrier Database\GIS work folder\Barrier_Databases\NHN_Barriers\NHN_OB_0_falls.gpkg|layername=NHN_OB_0_falls,,,,,,,,,,,,,,,,,,,,,,,,,,,,,,,,,,,,,,,,,,,,,,,,,,,,,,,,,,,1986,5.0,02YL000,17.0,1.0,1.0,Falls,,,POINT (-58.30462888586143 49.05915488337197),02YL000-27067,1.15,-58.304628885861426,49.059154883371974
85,,,,,,,,,,,,,,,,,,,,,,,,,,,,,,,,,,,,,,,,,,,,,,,,,,,,,,,,,,,,,falls,150157.0,b1c3482675874fadbc8015a508da6129,,,,,2.0,,,,,,,,,,,,,,NHN_OB_0_falls,\\cwf-stge-svr4\share\Conservation Program\Freshwater\Fish Passage\National Aquatic Barrier Database\GIS work folder\Barrier_Databases\NHN_Barriers\NHN_OB_0_falls.gpkg|layername=NHN_OB_0_falls,,,,,,,,,,,,,,,,,,,,,,,,,,,,,,,,,,,,,,,,,,,,,,,,,,,,,,,,,,,1986,5.0,02YL000,10.0,1.0,1.0,Falls,,,POINT (-57.91162194181684 48.93167806575921),02YL000-25405,1.15,-57.91162194181684,48.931678065759215
86,,,,,,,,,,,,,,,,,,,,,,,,,,,,,,,,,,,,,,,,,,,,,,,,,,,,,,,,,,,,,falls,150173.0,baaf4d87357d4e6c9d854acb2c66954b,,,,,2.0,,,,,,,,,,,,,,NHN_OB_0_falls,\\cwf-stge-svr4\share\Conservation Program\Freshwater\Fish Passage\National Aquatic Barrier Database\GIS work folder\Barrier_Databases\NHN_Barriers\NHN_OB_0_falls.gpkg|layername=NHN_OB_0_falls,,,,,,,,,,,,,,,,,,,,,,,,,,,,,,,,,,,,,,,,,,,,,,,,,,,,,,,,,,,1986,5.0,02YL000,10.0,1.0,1.0,Falls,,,POINT (-57.18777128794765 49.64121278089719),02YL000-25262,1.17,-57.18777128794765,49.64121278089719
87,,,,,,,,,,,,,,,,,,,,,,,,,,,,,,,,,,,,,,,,,,,,,,,,,,,,,,,,,,,,,falls,150177.0,e3213c4d3ad24ef5a3abbc5e93388387,,,,,2.0,,,,,,,,,,,,,,NHN_OB_0_falls,\\cwf-stge-svr4\share\Conservation Program\Freshwater\Fish Passage\National Aquatic Barrier Database\GIS work folder\Barrier_Databases\NHN_Barriers\NHN_OB_0_falls.gpkg|layername=NHN_OB_0_falls,,,,,,,,,,,,,,,,,,,,,,,,,,,,,,,,,,,,,,,,,,,,,,,,,,,,,,,,,,,1986,5.0,02YL000,10.0,1.0,1.0,Falls,,,POINT (-57.95104605796315 49.06291388631758),02YL000-19500,1.16,-57.951046057963154,49.06291388631758
88,,,,,,,,,,,,,,,,,,,,,,,,,,,,,,,,,,,,,,,,,,,,,,,,,,,,,,,,,,,,,falls,150178.0,803fe34e406a417e8ad77e41d3534096,,,,,2.0,,,,,,,,,,,,,,NHN_OB_0_falls,\\cwf-stge-svr4\share\Conservation Program\Freshwater\Fish Passage\National Aquatic Barrier Database\GIS work folder\Barrier_Databases\NHN_Barriers\NHN_OB_0_falls.gpkg|layername=NHN_OB_0_falls,,,,,,,,,,,,,,,,,,,,,,,,,,,,,,,,,,,,,,,,,,,,,,,,,,,,,,,,,,,1986,5.0,02YL000,10.0,1.0,1.0,Falls,,,POINT (-57.24823350865903 49.51763366145275),02YL000-20594,1.17,-57.24823350865903,49.51763366145275
89,,,,,,,,,,,,,,,,,,,,,,,,,,,,,,,,,,,,,,,,,,,,,,,,,,,,,,,,,,,,,falls,150186.0,de4471636d094c779331c7bae4051449,,,,,2.0,,,,,,,,,,,,,,NHN_OB_0_falls,\\cwf-stge-svr4\share\Conservation Program\Freshwater\Fish Passage\National Aquatic Barrier Database\GIS work folder\Barrier_Databases\NHN_Barriers\NHN_OB_0_falls.gpkg|layername=NHN_OB_0_falls,,,,,,,,,,,,,,,,,,,,,,,,,,,,,,,,,,,,,,,,,,,,,,,,,,,,,,,,,,,1986,5.0,02YL000,10.0,1.0,1.0,Falls,,,POINT (-57.81996580892647 48.94720306878607),02YL000-27049,1.16,-57.81996580892647,48.947203068786074
90,,,,,,,,,,,,,,,,,,,,,,,,,,,,,,,,,,,,,,,,,,,,,,,,,,,,,,,,,,,,,falls,150198.0,77834f2a67cc4a70bd068f0a28707a23,,,,,2.0,,,,,,,,,,,,,,NHN_OB_0_falls,\\cwf-stge-svr4\share\Conservation Program\Freshwater\Fish Passage\National Aquatic Barrier Database\GIS work folder\Barrier_Databases\NHN_Barriers\NHN_OB_0_falls.gpkg|layername=NHN_OB_0_falls,,,,,,,,,,,,,,,,,,,,,,,,,,,,,,,,,,,,,,,,,,,,,,,,,,,,,,,,,,,1986,5.0,02YL000,10.0,1.0,1.0,Falls,,,POINT (-57.90909394557882 49.25860011742621),02YL000-25440,1.16,-57.90909394557882,49.258600117426205
91,,,,,,,,,,,,,,,,,,,,,,,,,,,,,,,,,,,,,,,,,,,,,,,,,,,,,,,,,,,,,falls,150208.0,ecfb370c21d54ec796c927731d7eccca,,,,,2.0,,,,,,,,,,,,,,NHN_OB_0_falls,\\cwf-stge-svr4\share\Conservation Program\Freshwater\Fish Passage\National Aquatic Barrier Database\GIS work folder\Barrier_Databases\NHN_Barriers\NHN_OB_0_falls.gpkg|layername=NHN_OB_0_falls,,,,,,,,,,,,,,,,,,,,,,,,,,,,,,,,,,,,,,,,,,,,,,,,,,,,,,,,,,,1986,5.0,02YL000,10.0,1.0,1.0,Falls,,,POINT (-57.82234340978601 48.94724746877884),02YL000-27049,1.16,-57.822343409786015,48.94724746877884
92,,,,,,,,,,,,,,,,,,,,,,,,,,,,,,,,,,,,,,,,,,,,,,,,,,,,,,,,,,,,,falls,51665.0,67777275d60943b587dcbe10c6195b6c,,,,,2.0,,,,,,,,,,,,,,Point,"Point?crs=EPSG:4617&field=OBJECTID:long(0,0)&field=nid:string(32,0)&field=validityDate:string(8,0)&field=acquisitionTechnique:integer(0,0)&field=datasetName:string(50,0)&field=planimetricAccuracy:integer(0,0)&field=provider:integer(0,0)&field=completelyC",,,,,,,,,,,,,,,,,,,,,,,,,,,,,,,,,,,,,,,,,,,,,,,,,,,,,,,,,,,1986,5.0,02YL000,10.0,1.0,1.0,Falls,,0.000299490652168,POINT (-57.13983676973527 49.56950986999438),02YL000-26551,1.17,-57.13983676973527,49.569509869994384
93,,,,,,,,,,,,,,,,,,,,,,,,,,,,,,,,,,,,,,,,,,,,,,,,,,,,,,,,,,,,,falls,51745.0,ab4e001472204b58a316e9d3d530deac,,,,,2.0,,,,,,,,,,,,,,Point,"Point?crs=EPSG:4617&field=OBJECTID:long(0,0)&field=nid:string(32,0)&field=validityDate:string(8,0)&field=acquisitionTechnique:integer(0,0)&field=datasetName:string(50,0)&field=planimetricAccuracy:integer(0,0)&field=provider:integer(0,0)&field=completelyC",,,,,,,,,,,,,,,,,,,,,,,,,,,,,,,,,,,,,,,,,,,,,,,,,,,,,,,,,,,1986,5.0,02YL000,10.0,1.0,1.0,Falls,,0.000112713356863,POINT (-57.43461527623072 49.49407425689271),02YL000-13111,1.05,-57.43461527623072,49.49407425689271
94,,,,,,,,,,,,,,,,,,,,,,,,,,,,,,,,,,,,,,,,,,,,,,,,,,,,,,,,,,,,,falls,51805.0,5626f2b4473a411998c99e6e2dad0eca,,,,,2.0,,,,,,,,,,,,,,Point,"Point?crs=EPSG:4617&field=OBJECTID:long(0,0)&field=nid:string(32,0)&field=validityDate:string(8,0)&field=acquisitionTechnique:integer(0,0)&field=datasetName:string(50,0)&field=planimetricAccuracy:integer(0,0)&field=provider:integer(0,0)&field=completelyC",,,,,,,,,,,,,,,,,,,,,,,,,,,,,,,,,,,,,,,,,,,,,,,,,,,,,,,,,,,1986,5.0,02YL000,10.0,1.0,1.0,Falls,,0.000288645845168,POINT (-57.24249060790901 49.64198818077232),02YL000-26561,1.17,-57.242490607909005,49.64198818077232
95,,,,,,,,,,,,,,,,,,,,,,,,,,,,,,,,,,,,,,,,,,,,,,,,,,,,,,,,,,,,,falls,51823.0,ce8ddb01e9654056b359fd81e9a672fa,,,,,2.0,,,,,,,,,,,,,,Point,"Point?crs=EPSG:4617&field=OBJECTID:long(0,0)&field=nid:string(32,0)&field=validityDate:string(8,0)&field=acquisitionTechnique:integer(0,0)&field=datasetName:string(50,0)&field=planimetricAccuracy:integer(0,0)&field=provider:integer(0,0)&field=completelyC",,,,,,,,,,,,,,,,,,,,,,,,,,,,,,,,,,,,,,,,,,,,,,,,,,,,,,,,,,,1986,5.0,02YL000,10.0,1.0,1.0,Falls,,0.000247225929044,POINT (-57.63239605041131 49.66569358250879),02YL000-22656,1.17,-57.63239605041131,49.66569358250879
96,,,,,,,,,,,,,,,,,,,,,,,,,,,,,,,,,,,,,,,,,,,,,,,,,,,,,,,,,,,,,falls,51902.0,a836d49884324f578c9121db74b3a68c,,,,,2.0,,,,,,0c183ffc849c20c392372516612ce923,,Big Falls,,20170124,20180907,,,Point,"Point?crs=EPSG:4617&field=OBJECTID:long(0,0)&field=nid:string(32,0)&field=validityDate:string(8,0)&field=acquisitionTechnique:integer(0,0)&field=datasetName:string(50,0)&field=planimetricAccuracy:integer(0,0)&field=provider:integer(0,0)&field=completelyC",,,,,,,,,,,,,,,,,,,,,,,,,,,,,,,,,,,,,,,,,,,,,,,,,,,,,,,,,,,1986,5.0,02YL000,10.0,1.0,1.0,Falls,CGNDB,0.000894003779193,POINT (-57.16960137825534 49.34740173526466),02YL000-25869,1.11,-57.169601378255344,49.34740173526466
97,,,,,,,,,,,,,,,,,,,,,,,,,,,,,,,,,,,,,,,,,,,,,,,,,,,,,,,,,,,,,falls,51903.0,a6dde92b3ce54e2ebe58678fbf6245a5,,,,,2.0,,,,,,0c183ffc849c20c392372516612ce923,,Big Falls,,20170124,20180907,,,Point,"Point?crs=EPSG:4617&field=OBJECTID:long(0,0)&field=nid:string(32,0)&field=validityDate:string(8,0)&field=acquisitionTechnique:integer(0,0)&field=datasetName:string(50,0)&field=planimetricAccuracy:integer(0,0)&field=provider:integer(0,0)&field=completelyC",,,,,,,,,,,,,,,,,,,,,,,,,,,,,,,,,,,,,,,,,,,,,,,,,,,,,,,,,,,1986,5.0,02YL000,10.0,1.0,1.0,Falls,CGNDB,0.000883029916974,POINT (-57.17010807843647 49.34712663521938),02YL000-26483,1.17,-57.17010807843647,49.347126635219375
