,PersonId,Name
0,person0,Sheldon Peddle
1,person1,Rebecca Burushett
2,person2,Stephen Chase
3,person3,Don Ivany
4,person4,Sid Styles
5,person5,Bob Schooner
6,person6,Brent Humphries
7,person7,Tanya Edwards
8,person8,Danielle Fequet
9,person9,Kimberly Thompson
10,person10,Gilbert Stone
11,person11,Calvin Francis
12,person12,Roberta Benefiel
13,person13,Marina Brown
14,person14,Lois Bateman
15,person15,Darren Sheppard
16,person16,Tony Chubbs
17,person17,Megan Lafferty
18,person18,Elizabeth Andres
19,person19,Emily Cumming
20,person20,Johan Joensen
21,person21,Elizabeth Alling
22,person22,Kathleen Blanchard
23,person23,John Kelly
24,person24,Arch Pitcher
25,person25,John McCarthy
26,person26,Christoph Konrad
27,person27,Don Hutchens
28,person28,Diane Pelley
29,person29,Jamie Snook
30,person30,Glen Keeling
31,person31,
32,person32,Victoria Neville
33,person33,Ali Khan
34,person34,Bobbi Rees
35,person35,Myron King
36,person36,Joy Blundon
37,person37,Craig Purchase
38,person38,Jessica Melvin
39,person39,Tom Brown
40,person40,Dr. Rodolphe Devillers
41,person41,Dr. Max Liboiron
42,person42,Dr. Robert Hooper
43,person43,George Russell
44,person44,Todd Broomfield
45,person45,Paula Reid
46,person46,Jonathan Strickland
47,person47,Ross Hinks
48,person48,Shayne McDonald
49,person49,Ian Bradbury
50,person50,Tom Bird
51,person51,Steve Duffy
52,person52,Chelsea Bloom
