,segment_id,river_name
0,02YL000-25373,Whites-River
1,02YL000-25374,South-Brook
2,02YL000-25375,East-Adies-River
3,02YL000-25376,North-Arm-Brook
4,02YL000-25377,Hughes-Brook
5,02YL000-25378,Rattler-Brook
6,02YL000-25379,Steady-Brook
7,02YL000-25380,Lower-Crabb-Brook
8,02YL000-25381,Liverpool-Brook
9,02YL000-25382,Beaver-Brook
10,02YL000-25383,Black-Brook
11,02YL000-25384,Whites-River
12,02YL000-25385,Lower-Crabb-Brook
13,02YL000-25386,Pynns-Brook
14,02YL000-25387,Lower-Crabb-Brook
15,02YL000-25388,Upper-Humber-River
16,02YL000-25389,Barachois-Brook
17,02YL000-25390,Hughes-Brook
18,02YL000-25391,Upper-Humber-River
19,02YL000-25392,North-Brook
20,02YL000-25393,Coal-Brook
21,02YL000-25394,Upper-Humber-River
22,02YL000-25395,East-Branch
23,02YL000-25396,Whites-River
24,02YL000-25397,Rocky-Brook
25,02YL000-25398,West-Branch
26,02YL000-25399,Black-Brook
27,02YL000-25400,Gillams-Brook
28,02YL000-25401,Lower-Crabb-Brook
29,02YL000-25402,Corner-Brook
30,02YL000-25403,Parsons-Brook
31,02YL000-25404,Black-Brook
32,02YL000-25405,Corner-Brook
33,02YL000-25406,Upper-Humber-River
34,02YL000-25407,Bakers-Brook
35,02YL000-25408,Carp-Creek
36,02YL000-25409,Transmission-Brook
37,02YL000-25410,Upper-Humber-River
38,02YL000-25411,Cooks-Brook
39,02YL000-25412,East-Adies-River
40,02YL000-25413,East-Adies-River
41,02YL000-25414,East-Branch
42,02YL000-25415,Rocky-Brook
43,02YL000-25416,Goose-Arm-Brook
44,02YL000-25417,Whites-River
45,02YL000-25418,Adies-River
46,02YL000-25419,Whites-River
47,02YL000-25420,Upper-Humber-River
48,02YL000-25421,Coal-Brook
49,02YL000-25422,Lower-Crabb-Brook
50,02YL000-25423,Goose-Arm-Brook
51,02YL000-25424,Northeast-Adies-River
52,02YL000-25425,East-Adies-River
53,02YL000-25426,Upper-Humber-River
54,02YL000-25427,North-Brook
55,02YL000-25428,Black-Brook
56,02YL000-25429,Wigwam-Brook
57,02YL000-25430,Black-Brook
58,02YL000-25431,Lower-Crabb-Brook
59,02YL000-25432,Upper-Humber-River
60,02YL000-25433,Whites-River
61,02YL000-25434,Adies-River
62,02YL000-25435,Lower-Crabb-Brook
63,02YL000-25436,East-Branch
64,02YL000-25437,Black-Brook
65,02YL000-25438,Corner-Brook
66,02YL000-25439,Old-Mans-Brook
67,02YL000-25440,North-Arm-Brook
68,02YL000-25441,Drill-Hole-Brook
69,02YL000-25442,Liverpool-Brook
70,02YL000-25443,Whites-River
71,02YL000-25444,Upper-Humber-River
72,02YL000-25445,Cooks-Brook
73,02YL000-25446,Taylors-Brook
74,02YL000-25447,Hughes-Brook
75,02YL000-25448,Goose-Arm-Brook
76,02YL000-25449,Upper-Humber-River
77,02YL000-25450,Goose-Arm-Brook-North
78,02YL000-25451,Whites-River
79,02YL000-25452,Upper-Humber-River
80,02YL000-25453,Humber-River
81,02YL000-25454,Upper-Humber-River
82,02YL000-25455,Upper-Humber-River
83,02YL000-25456,Gales-Brook
84,02YL000-25457,Crooked-Feeder
85,02YL000-25458,Monkey-Brook
86,02YL000-25459,Upper-Humber-River
87,02YL000-25460,Beaver-Brook
88,02YL000-25461,Northeast-Adies-River
89,02YL000-25462,Cox's-Brook
90,02YL000-25463,Humber-River
91,02YL000-25464,Nichols-Brook
92,02YL000-25465,Big-Feeder-Brook
93,02YL000-25466,South-Brook
94,02YL000-25467,Blow-Me-Down-Brook
95,02YL000-25468,Upper-Humber-River
96,02YL000-25469,Upper-Humber-River
97,02YL000-25470,Upper-Humber-River
98,02YL000-25471,North-Brook
99,02YL000-25472,Liverpool-Brook
100,02YL000-25473,Lower-Crabb-Brook
101,02YL000-25474,Little-Falls-Brook
102,02YL000-25475,Humber-River
103,02YL000-25476,Stowbregs-Brook
104,02YL000-25477,Upper-Humber-River
105,02YL000-25478,Little-North-Brook
106,02YL000-25479,Whites-River
107,02YL000-25480,Pratts-Brook
108,02YL000-25481,Deadwater-Brook
109,02YL000-25482,Matthews-Brook
110,02YL000-25483,Mine-Brook
111,02YL000-25484,Black-Gulch-Brook
112,02YL000-25485,Middle-Branch
113,02YL000-25486,East-Adies-River
114,02YL000-25487,South-Brook
115,02YL000-25488,Whites-River
116,02YL000-25489,Hughes-Brook
117,02YL000-25490,Whites-River
118,02YL000-25491,Ninety-Brook
119,02YL000-25492,Humber-River
120,02YL000-25493,Rocky-Brook
121,02YL000-25494,Humber-River
122,02YL000-25495,Blow-Me-Down-Brook
123,02YL000-25496,Barachois-Brook
124,02YL000-25497,Liverpool-Brook
125,02YL000-25498,Whites-River
126,02YL000-25499,Upper-Humber-River
127,02YL000-25500,Irishtown-Brook
128,02YL000-25501,Goose-Arm-Brook
129,02YL000-25502,Pratts-Brook
130,02YL000-25503,East-Branch
131,02YL000-25504,East-Adies-River
132,02YL000-25505,North-Arm-Brook
133,02YL000-25506,Whites-River
134,02YL000-25507,Upper-Humber-River
135,02YL000-25508,North-Brook
136,02YL000-25509,Duncan-Brook
137,02YL000-25510,Upper-Humber-River
138,02YL000-25511,Hughes-Brook
139,02YL000-25512,Upper-Humber-River
140,02YL000-25513,Beaver-Brook
141,02YL000-25514,Whites-River
142,02YL000-25515,Whites-River
143,02YL000-25516,Gillams-Brook
144,02YL000-25517,Black-Brook
145,02YL000-25518,Rocky-Brook
146,02YL000-25519,Clarkes-Brook-West-Branch
147,02YL000-25520,Upper-Humber-River
148,02YL000-25521,Whites-River
149,02YL000-25522,Taylors-Brook
150,02YL000-25523,Upper-Humber-River
151,02YL000-25524,Upper-Humber-River
152,02YL000-25525,Deadwater-Brook
153,02YL000-25526,Whites-River
154,02YL000-25527,Upper-Humber-River
155,02YL000-25528,Upper-Humber-River
156,02YL000-25529,Crooked-Feeder
157,02YL000-25530,Northeast-Adies-River
158,02YL000-25531,Taylors-Brook
159,02YL000-25532,South-Brook
160,02YL000-25533,Coal-Brook
161,02YL000-25534,Goose-Arm-Brook-North
162,02YL000-25535,Northeast-Adies-River
163,02YL000-25536,East-Adies-River
164,02YL000-25537,Taylors-Brook
165,02YL000-25538,North-Arm-Brook
166,02YL000-25539,Northeast-Adies-River
167,02YL000-25540,Upper-Humber-River
168,02YL000-25541,Adies-River
169,02YL000-25542,Cooks-Brook
170,02YL000-25543,Rocky-Brook
171,02YL000-25544,Upper-Humber-River
172,02YL000-25545,Gillams-Brook
173,02YL000-25546,Upper-Humber-River
174,02YL000-25547,Ninth-Brook
175,02YL000-25548,Penguin-Arm-Brook
176,02YL000-25549,Little-North-Brook
177,02YL000-25550,Upper-Humber-River
178,02YL000-25551,East-Branch
179,02YL000-25552,Wigwam-Brook
180,02YL000-25553,Crooked-Feeder
181,02YL000-25554,Crooked-Feeder
182,02YL000-25555,Goose-Arm-Brook
183,02YL000-25556,Black-Brook
184,02YL000-25557,Lower-Crabb-Brook
185,02YL000-25558,Big-Falls-Brook
186,02YL000-25559,Liverpool-Brook
187,02YL000-25560,North-Arm-Brook
188,02YL000-25561,Burnt-Hill-Brook
189,02YL000-25562,Crooked-Feeder
190,02YL000-25563,Trout-Creek
191,02YL000-25564,Humber-River
192,02YL000-25565,Whites-River
193,02YL000-25566,Upper-Humber-River
194,02YL000-25567,Salmon-Creek
195,02YL000-25568,North-Arm-Brook
196,02YL000-25569,Deadwater-Brook
197,02YL000-25570,Upper-Humber-River
198,02YL000-25571,Crooked-Brook
199,02YL000-25572,Corner-Brook
200,02YL000-25573,Whites-River
201,02YL000-25574,Neds-Steady
202,02YL000-25575,Upper-Humber-River
203,02YL000-25576,Clarks-Brook
204,02YL000-25577,Corner-Brook
205,02YL000-25578,Middle-Branch
206,02YL000-25579,Gillams-Brook
207,02YL000-25580,Monkey-Brook
208,02YL000-25581,South-Brook
209,02YL000-25582,Upper-Humber-River
210,02YL000-25583,Big-Tenth-Brook
211,02YL000-25584,Goose-Arm-Brook-North
212,02YL000-25585,Middle-Branch
213,02YL000-25586,Upper-Humber-River
214,02YL000-25587,East-Adies-River
215,02YL000-25588,Rocky-Brook
216,02YL000-25589,Crooked-Feeder
217,02YL000-25590,Upper-Humber-River
218,02YL000-25591,Goose-Arm-Brook
219,02YL000-25592,Burnt-Hill-Brook
220,02YL000-25593,Adies-River
221,02YL000-25594,Gales-Brook
222,02YL000-25595,Gales-Brook
223,02YL000-25596,Adies-River
224,02YL000-25597,Taylors-Brook
225,02YL000-25598,Upper-Humber-River
226,02YL000-25599,Upper-Humber-River
227,02YL000-25600,West-Branch
228,02YL000-25601,Beaver-Brook
229,02YL000-25602,Lower-Crabb-Brook
230,02YL000-25603,Wild-Cove-Brook
231,02YL000-25604,Northeast-Adies-River
232,02YL000-25605,Upper-Humber-River
233,02YL000-25606,Upper-Humber-River
234,02YL000-25607,Birchy-Hill-Brook
235,02YL000-25608,Black-Brook
236,02YL000-25609,Gales-Brook
237,02YL000-25610,Liverpool-Brook
238,02YL000-25611,Cox's-Brook
239,02YL000-25612,Lower-Crabb-Brook
240,02YL000-25613,Whites-River
241,02YL000-25614,Whitefish-Creek
242,02YL000-25615,Crooked-Feeder
243,02YL000-25616,Gales-Brook
244,02YL000-25617,Clarks-Brook
245,02YL000-25618,Rattler-Brook
246,02YL000-25619,Upper-Humber-River
247,02YL000-25620,Yellow-Marsh-Brook
248,02YL000-25621,Upper-Humber-River
249,02YL000-25622,Black-Brook
250,02YL000-25623,Steady-Brook
251,02YL000-25624,Whites-River
252,02YL000-25625,Northeast-Adies-River
253,02YL000-25626,Gales-Brook
254,02YL000-25627,Upper-Humber-River
255,02YL000-25628,Humber-River
256,02YL000-25629,Drill-Hole-Brook
257,02YL000-25630,Upper-Humber-River
258,02YL000-25631,Goose-Arm-Brook-North
259,02YL000-25632,Neds-Steady
260,02YL000-25633,East-Branch
261,02YL000-25634,Whites-River
262,02YL000-25635,Steady-Brook
263,02YL000-25636,East-Adies-River
264,02YL000-25637,East-Adies-River
265,02YL000-25638,Whites-River
266,02YL000-25639,Upper-Humber-River
267,02YL000-25640,Pynns-Brook
268,02YL000-25641,Whites-River
269,02YL000-25642,Black-Brook
270,02YL000-25643,East-Adies-River
271,02YL000-25644,Hughes-Brook
272,02YL000-25645,Whites-River
273,02YL000-25646,Whites-River
274,02YL000-25647,O'Rourke-Brook
275,02YL000-25648,Harrimans-Brook
276,02YL000-25649,Beaver-Brook
277,02YL000-25650,Upper-Humber-River
278,02YL000-25651,Goose-Arm-Brook-North
279,02YL000-25652,Liverpool-Brook
280,02YL000-25653,Crooked-Feeder
281,02YL000-25654,Goose-Arm-Brook-North
282,02YL000-25655,Liverpool-Brook
283,02YL000-25656,East-Adies-River
284,02YL000-25657,Upper-Humber-River
285,02YL000-25658,Taylors-Brook
286,02YL000-25659,Humber-River
287,02YL000-25660,Whites-River
288,02YL000-25661,Gales-Brook
289,02YL000-25662,Adies-River
290,02YL000-25663,Adies-River
291,02YL000-25664,Pratts-Brook
292,02YL000-25665,Whites-River
293,02YL000-25666,Upper-Humber-River
294,02YL000-25667,Black-Brook
295,02YL000-25668,Crooked-Feeder
296,02YL000-25669,Upper-Humber-River
297,02YL000-25670,Crooked-Feeder
298,02YL000-25671,Upper-Humber-River
299,02YL000-25672,Upper-Humber-River
300,02YL000-25673,Taylors-Brook
301,02YL000-25674,Pynns-Brook
302,02YL000-25675,Humber-River
303,02YL000-25676,Upper-Humber-River
304,02YL000-25677,Upper-Humber-River
305,02YL000-25678,Irishtown-Brook
306,02YL000-25679,Hughes-Brook
307,02YL000-25680,Black-Brook
308,02YL000-25681,Birchy-Hill-Brook
309,02YL000-25682,Beaver-Brook
310,02YL000-25683,Goose-Arm-Brook
311,02YL000-25684,Big-Tenth-Brook
312,02YL000-25685,Fairfax-Brook
313,02YL000-25686,Taylors-Brook
314,02YL000-25687,Whites-River
315,02YL000-25688,Adies-River
316,02YL000-25689,Corner-Brook
317,02YL000-25690,Wigwam-Brook
318,02YL000-25691,Upper-Humber-River
319,02YL000-25692,Pynns-Brook
320,02YL000-25693,Upper-Humber-River
321,02YL000-25694,Upper-Humber-River
322,02YL000-25695,Upper-Humber-River
323,02YL000-25696,Middle-Branch
324,02YL000-25697,Humber-River
325,02YL000-25698,Middle-Branch
326,02YL000-25699,Birchy-Hill-Brook
327,02YL000-25700,Otter-Brook
328,02YL000-25701,Upper-Humber-River
329,02YL000-25702,Corner-Brook
330,02YL000-25703,Ninety-Brook
331,02YL000-25704,Allan-Brook
332,02YL000-25705,East-Branch
333,02YL000-25706,Gales-Brook
334,02YL000-25707,Upper-Humber-River
335,02YL000-25708,Upper-Humber-River
336,02YL000-25709,Lower-Crabb-Brook
337,02YL000-25710,Goose-Arm-Brook-North
338,02YL000-25711,Upper-Humber-River
339,02YL000-25712,Cox's-Brook
340,02YL000-25713,Little-Feeder-Brook
341,02YL000-25714,Upper-Humber-River
342,02YL000-25715,Liverpool-Brook
343,02YL000-25716,Crooked-Brook
344,02YL000-25717,Upper-Humber-River
345,02YL000-25718,Deep-Gulch-Brook
346,02YL000-25719,Birchy-Hill-Brook
347,02YL000-25720,Junction-Brook
348,02YL000-25721,Black-Brook
349,02YL000-25722,Junction-Brook
350,02YL000-25723,Beaver-Brook
351,02YL000-25724,Rocky-Brook
352,02YL000-25725,Hughes-Brook
353,02YL000-25726,Cooks-Brook
354,02YL000-25727,Pratts-Brook
355,02YL000-25728,Taylors-Brook
356,02YL000-25729,Corner-Brook
357,02YL000-25730,Liverpool-Brook
358,02YL000-25731,Lower-Crabb-Brook
359,02YL000-25732,Upper-Humber-River
360,02YL000-25733,Hughes-Brook
361,02YL000-25734,North-Brook
362,02YL000-25735,Upper-Humber-River
363,02YL000-25736,Blow-Me-Down-Brook
364,02YL000-25737,Corner-Brook
365,02YL000-25738,Crooked-Feeder
366,02YL000-25739,East-Adies-River
367,02YL000-25740,Yellow-Marsh-Brook
368,02YL000-25741,Black-Brook
369,02YL000-25742,East-Adies-River
370,02YL000-25743,Humber-River
371,02YL000-25744,West-Rocky-Brook
372,02YL000-25745,North-Arm-Brook
373,02YL000-25746,Junction-Brook
374,02YL000-25747,Upper-Humber-River
375,02YL000-25748,Whites-River
376,02YL000-25749,Liverpool-Brook
377,02YL000-25750,Goose-Arm-Brook
378,02YL000-25751,Humber-River
379,02YL000-25752,Upper-Humber-River
380,02YL000-25753,Watsons-Brook
381,02YL000-25754,Vardy-Brook
382,02YL000-25755,Big-Feeder-Brook
383,02YL000-25756,Steady-Brook
384,02YL000-25757,Johns-Brook
385,02YL000-25758,East-Branch
386,02YL000-25759,Northeast-Adies-River
387,02YL000-25760,Upper-Humber-River
388,02YL000-25761,East-Adies-River
389,02YL000-25762,Upper-Humber-River
390,02YL000-25763,Gales-Brook
391,02YL000-25764,Otter-Brook
392,02YL000-25765,Whites-River
393,02YL000-25766,Whites-River
394,02YL000-25767,Upper-Humber-River
395,02YL000-25768,Upper-Humber-River
396,02YL000-25769,Upper-Humber-River
397,02YL000-25770,Crooked-Feeder
398,02YL000-25771,South-Brook
399,02YL000-25772,Steady-Brook
400,02YL000-25773,Upper-Humber-River
401,02YL000-25774,Blow-Me-Down-Brook
402,02YL000-25775,Upper-Humber-River
403,02YL000-25776,East-Adies-River
404,02YL000-25777,Liverpool-Brook
405,02YL000-25778,Goose-Arm-Brook
406,02YL000-25779,Liverpool-Brook
407,02YL000-25780,Upper-Humber-River
408,02YL000-25781,Hughes-Brook
409,02YL000-25782,Upper-Humber-River
410,02YL000-25783,Upper-Humber-River
411,02YL000-25784,Gales-Brook
412,02YL000-25785,East-Adies-River
413,02YL000-25786,Whites-River
414,02YL000-25787,Yellow-Marsh-Brook
415,02YL000-25788,Humber-River
416,02YL000-25789,Deadwater-Brook
417,02YL000-25790,Rocky-Brook
418,02YL000-25791,Adies-River
419,02YL000-25792,Upper-Humber-River
420,02YL000-25793,Ninety-Brook
421,02YL000-25794,Gales-Brook
422,02YL000-25795,Hughes-Brook
423,02YL000-25796,Yellow-Marsh-Brook
424,02YL000-25797,Upper-Humber-River
425,02YL000-25798,Upper-Humber-River
426,02YL000-25799,Upper-Humber-River
427,02YL000-25800,Whites-River
428,02YL000-25801,Upper-Humber-River
429,02YL000-25802,Adies-River
430,02YL000-25803,Upper-Humber-River
431,02YL000-25804,Upper-Humber-River
432,02YL000-25805,Corner-Brook
433,02YL000-25806,East-Branch
434,02YL000-25807,Upper-Humber-River
435,02YL000-25808,Otter-Brook
436,02YL000-25809,Irishtown-Brook
437,02YL000-25810,Adies-River
438,02YL000-25811,Black-Brook
439,02YL000-25812,Northeast-Adies-River
440,02YL000-25813,Junction-Brook
441,02YL000-25814,Harrimans-Brook
442,02YL000-25815,Barachois-Brook
443,02YL000-25816,Upper-Humber-River
444,02YL000-25817,Whites-River
445,02YL000-25818,Lower-Crabb-Brook
446,02YL000-25819,Upper-Humber-River
447,02YL000-25820,Whites-River
448,02YL000-25821,Upper-Humber-River
449,02YL000-25822,Pynns-Brook
450,02YL000-25823,Gales-Brook
451,02YL000-25824,Black-Brook
452,02YL000-25825,Liverpool-Brook
453,02YL000-25826,Whites-River
454,02YL000-25827,Upper-Humber-River
455,02YL000-25828,Liverpool-Brook
456,02YL000-25829,Upper-Humber-River
457,02YL000-25830,Whites-River
458,02YL000-25831,Harrimans-Brook
459,02YL000-25832,Trout-Creek
460,02YL000-25833,Whites-River
461,02YL000-25834,Hughes-Brook
462,02YL000-25835,Beaver-Brook
463,02YL000-25836,Whites-River
464,02YL000-25837,Crooked-Feeder
465,02YL000-25838,Adies-River
466,02YL000-25839,Whites-River
467,02YL000-25840,Upper-Humber-River
468,02YL000-25841,Beaver-Brook
469,02YL000-25842,Lower-Crabb-Brook
470,02YL000-25843,Clarks-Brook
471,02YL000-25844,Goose-Arm-Brook
472,02YL000-25845,Goose-Arm-Brook
473,02YL000-25846,Nichols-Brook
474,02YL000-25847,Whites-River
475,02YL000-25848,Middle-Branch
476,02YL000-25849,Lanes-Brook
477,02YL000-25850,West-Branch
478,02YL000-25851,Upper-Humber-River
479,02YL000-25852,Whites-River
480,02YL000-25853,Crooked-Brook
481,02YL000-25854,Beaver-Brook
482,02YL000-25855,Humber-River
483,02YL000-25856,Whites-River
484,02YL000-25857,Upper-Humber-River
485,02YL000-25858,Humber-River
486,02YL000-25859,Goose-Arm-Brook
487,02YL000-25860,Crooked-Brook
488,02YL000-25861,Goose-Arm-Brook
489,02YL000-25862,Taylors-Brook
490,02YL000-25863,Upper-Humber-River
491,02YL000-25864,East-Adies-River
492,02YL000-25865,Upper-Humber-River
493,02YL000-25866,Upper-Humber-River
494,02YL000-25867,Upper-Humber-River
495,02YL000-25868,Upper-Humber-River
496,02YL000-25869,Upper-Humber-River
497,02YL000-25870,Lower-Crabb-Brook
498,02YL000-25871,Upper-Humber-River
499,02YL000-25872,Deep-Gulch-Brook
500,02YL000-25873,Stowbregs-Brook
501,02YL000-25874,Irishtown-Brook
502,02YL000-25875,Upper-Humber-River
503,02YL000-25876,Middle-Crabb-Brook
504,02YL000-25877,Upper-Humber-River
505,02YL000-25878,Otter-Brook
506,02YL000-25879,Taylors-Brook
507,02YL000-25880,Taylors-Brook
508,02YL000-25881,East-Adies-River
509,02YL000-25882,Upper-Humber-River
510,02YL000-25883,Liverpool-Brook
511,02YL000-25884,Hughes-Brook
512,02YL000-25885,Adies-River
513,02YL000-25886,Upper-Humber-River
514,02YL000-25887,Harrimans-Brook
515,02YL000-25888,Black-Brook
516,02YL000-25889,Upper-Humber-River
517,02YL000-25890,Goose-Arm-Brook-North
518,02YL000-25891,Goose-Arm-Brook-North
519,02YL000-25892,Junction-Brook
520,02YL000-25893,Middle-Branch
521,02YL000-25894,Upper-Humber-River
522,02YL000-25895,Big-Tenth-Brook
523,02YL000-25896,Liverpool-Brook
524,02YL000-25897,Humber-River
525,02YL000-25898,East-Branch
526,02YL000-25899,Cooks-Brook
527,02YL000-25900,Black-Brook
528,02YL000-25901,Adies-River
529,02YL000-25902,Upper-Humber-River
530,02YL000-25903,Liverpool-Brook
531,02YL000-25904,Bakers-Brook
532,02YL000-25905,Upper-Humber-River
533,02YL000-25906,Upper-Humber-River
534,02YL000-25907,Upper-Humber-River
535,02YL000-25908,Upper-Humber-River
536,02YL000-25909,Upper-Humber-River
537,02YL000-25910,Upper-Humber-River
538,02YL000-25911,Deadwater-Brook
539,02YL000-25912,Whites-River
540,02YL000-25913,Gales-Brook
541,02YL000-25914,Northeast-Adies-River
542,02YL000-25915,Whites-River
543,02YL000-25916,Upper-Humber-River
544,02YL000-25917,Upper-Humber-River
545,02YL000-25918,Upper-Humber-River
546,02YL000-25919,Upper-Humber-River
547,02YL000-25920,Humber-River
548,02YL000-25921,Whites-River
549,02YL000-25922,Trout-Creek
550,02YL000-25923,Crooked-Feeder
551,02YL000-25924,Crooked-Feeder
552,02YL000-25925,Upper-Humber-River
553,02YL000-25926,Black-Brook
554,02YL000-25927,Liverpool-Brook
555,02YL000-25928,Harrimans-Brook
556,02YL000-25929,Upper-Humber-River
557,02YL000-25930,Adies-River
558,02YL000-25931,Little-North-Brook
559,02YL000-25932,Trout-Creek
560,02YL000-25933,Ninety-Brook
561,02YL000-25934,Wigwam-Brook
562,02YL000-25935,Liverpool-Brook
563,02YL000-25936,Upper-Humber-River
564,02YL000-25937,Whites-River
565,02YL000-25938,Upper-Crabb-Brook
566,02YL000-25939,Upper-Humber-River
567,02YL000-25940,Liverpool-Brook
568,02YL000-25941,Black-Brook
569,02YL000-25942,Humber-River
570,02YL000-25943,North-Brook
571,02YL000-25944,Neds-Steady
572,02YL000-25945,Hughes-Brook
573,02YL000-25946,Upper-Humber-River
574,02YL000-25947,Parsons-Brook
575,02YL000-25948,Humber-River
576,02YL000-25949,East-Adies-River
577,02YL000-25950,Rattler-Brook
578,02YL000-25951,Adies-River
579,02YL000-25952,Parsons-Brook
580,02YL000-25953,Cox's-Brook
581,02YL000-25954,North-Brook
582,02YL000-25955,Whites-River
583,02YL000-25956,Hughes-Brook
584,02YL000-25957,Upper-Humber-River
585,02YL000-25958,Upper-Humber-River
586,02YL000-25959,Whites-River
587,02YL000-25960,Hughes-Brook
588,02YL000-25961,Deadwater-Brook
589,02YL000-25962,Rocky-Brook
590,02YL000-25963,Lower-Crabb-Brook
591,02YL000-25964,Whites-River
592,02YL000-25965,Little-North-Brook
593,02YL000-25966,Drill-Hole-Brook
594,02YL000-25967,Northeast-Adies-River
595,02YL000-25968,Upper-Humber-River
596,02YL000-25969,East-Steady-Brook
597,02YL000-25970,Whites-River
598,02YL000-25971,Overfall-Brook
599,02YL000-25972,Northeast-Adies-River
600,02YL000-25973,Northeast-Adies-River
601,02YL000-25974,Whites-River
602,02YL000-25975,Humber-River
603,02YL000-25976,Burnt-Hill-Brook
604,02YL000-25977,Goose-Arm-Brook
605,02YL000-25978,Taylors-Brook
606,02YL000-25979,Conways-Brook
607,02YL000-25980,Upper-Humber-River
608,02YL000-25981,Taylors-Brook
609,02YL000-25982,West-Branch
610,02YL000-25983,Upper-Humber-River
611,02YL000-25984,North-Arm-Brook
612,02YL000-25985,Liverpool-Brook
613,02YL000-25986,Ninety-Brook
614,02YL000-25987,Harrimans-Brook
615,02YL000-25988,South-Brook
616,02YL000-25989,Upper-Humber-River
617,02YL000-25990,South-Bells-Brook
618,02YL000-25991,Humber-River
619,02YL000-25992,Upper-Humber-River
620,02YL000-25993,Goose-Arm-Brook-North
621,02YL000-25994,North-Arm-Brook
622,02YL000-25995,Wild-Cove-Brook
623,02YL000-25996,Black-Brook
624,02YL000-25997,Steady-Brook
625,02YL000-25998,Upper-Humber-River
626,02YL000-25999,Gales-Brook
627,02YL000-26000,First-Branch
628,02YL000-26001,Upper-Humber-River
629,02YL000-26002,Lanes-Brook
630,02YL000-26003,East-Branch
631,02YL000-26004,Blow-Me-Down-Brook
632,02YL000-26005,Big-Falls-Brook
633,02YL000-26006,Gales-Brook
634,02YL000-26007,East-Adies-River
635,02YL000-26008,Penguin-Arm-Brook
636,02YL000-26009,Deadwater-Brook
637,02YL000-26010,Goose-Arm-Brook-North
638,02YL000-26011,Steady-Brook
639,02YL000-26012,Yellow-Marsh-Brook
640,02YL000-26013,Alder-Brook
641,02YL000-26014,Deadwater-Brook
642,02YL000-26015,Goose-Arm-Brook
643,02YL000-26016,Salmon-Creek
644,02YL000-26017,East-Adies-River
645,02YL000-26018,Whites-River
646,02YL000-26019,Upper-Humber-River
647,02YL000-26020,Liverpool-Brook
648,02YL000-26021,Wild-Cove-Brook
649,02YL000-26022,Northeast-Adies-River
650,02YL000-26023,Upper-Humber-River
651,02YL000-26024,Upper-Humber-River
652,02YL000-26025,Blow-Me-Down-Brook
653,02YL000-26026,Upper-Humber-River
654,02YL000-26027,East-Adies-River
655,02YL000-26028,East-Branch
656,02YL000-26029,Rocky-Brook
657,02YL000-26030,Upper-Humber-River
658,02YL000-26031,Junction-Brook
659,02YL000-26032,Deadwater-Brook
660,02YL000-26033,East-Branch
661,02YL000-26034,Humber-River
662,02YL000-26035,Cooks-Brook
663,02YL000-26036,Ninth-Brook
664,02YL000-26037,Humber-River
665,02YL000-26038,Adies-River
666,02YL000-26039,Gales-Brook
667,02YL000-26040,East-Adies-River
668,02YL000-26041,Upper-Humber-River
669,02YL000-26042,Rocky-Brook
670,02YL000-26043,Upper-Humber-River
671,02YL000-26044,Lower-Crabb-Brook
672,02YL000-26045,Gales-Brook
673,02YL000-26046,Black-Brook
674,02YL000-26047,Upper-Humber-River
675,02YL000-26048,Little-Feeder-Brook
676,02YL000-26049,Lower-Crabb-Brook
677,02YL000-26050,East-Adies-River
678,02YL000-26051,Whites-River
679,02YL000-26052,Coal-Brook
680,02YL000-26053,Adies-River
681,02YL000-26054,Upper-Humber-River
682,02YL000-26055,Gillams-Brook
683,02YL000-26056,Whites-River
684,02YL000-26057,Whites-River
685,02YL000-26058,Otter-Brook
686,02YL000-26059,Upper-Humber-River
687,02YL000-26060,West-Rocky-Brook
688,02YL000-26061,Goose-Arm-Brook-North
689,02YL000-26062,Otter-Brook
690,02YL000-26063,Adies-River
691,02YL000-26064,Whites-River
692,02YL000-26065,East-Adies-River
693,02YL000-26066,Whites-River
694,02YL000-26067,Whites-River
695,02YL000-26068,Adies-River
696,02YL000-26069,Upper-Humber-River
697,02YL000-26070,Humber-River
698,02YL000-26071,Whites-River
699,02YL000-26072,Ninety-Brook
700,02YL000-26073,Yellow-Marsh-Brook
701,02YL000-26074,Upper-Humber-River
702,02YL000-26075,Liverpool-Brook
703,02YL000-26076,Monkey-Brook
704,02YL000-26077,Lower-Crabb-Brook
705,02YL000-26078,Blue-Gulch-Brook
706,02YL000-26079,Otter-Brook
707,02YL000-26080,Upper-Humber-River
708,02YL000-26081,Pratts-Brook
709,02YL000-26082,Parsons-Brook
710,02YL000-26083,Crooked-Feeder
711,02YL000-26084,East-Adies-River
712,02YL000-26085,Upper-Humber-River
713,02YL000-26086,Upper-Humber-River
714,02YL000-26087,Matthews-Brook
715,02YL000-26088,Upper-Humber-River
716,02YL000-26089,Upper-Humber-River
717,02YL000-26090,Taylors-Brook
718,02YL000-26091,Crooked-Feeder
719,02YL000-26092,Whites-River
720,02YL000-26093,Whites-River
721,02YL000-26094,Beaver-Brook
722,02YL000-26095,East-Adies-River
723,02YL000-26096,Upper-Humber-River
724,02YL000-26097,North-Brook
725,02YL000-26098,East-Adies-River
726,02YL000-26099,Upper-Humber-River
727,02YL000-26100,Crooked-Feeder
728,02YL000-26101,North-Arm-Brook
729,02YL000-26102,Salmon-Creek
730,02YL000-26103,Little-Rapids-Brook
731,02YL000-26104,Rocky-Brook
732,02YL000-26105,Transmission-Brook
733,02YL000-26106,Yellow-Marsh-Brook
734,02YL000-26107,Taylors-Brook
735,02YL000-26108,Upper-Humber-River
736,02YL000-26109,Upper-Humber-River
737,02YL000-26110,Northeast-Adies-River
738,02YL000-26111,Mine-Brook
739,02YL000-26112,East-Adies-River
740,02YL000-26113,Harrimans-Brook
741,02YL000-26114,West-Branch
742,02YL000-26115,Lower-Crabb-Brook
743,02YL000-26116,Rocky-Brook
744,02YL000-26117,Goose-Arm-Brook-North
745,02YL000-26118,Upper-Humber-River
746,02YL000-26119,Liverpool-Brook
747,02YL000-26120,Trout-Brook
748,02YL000-26121,Nichols-Brook
749,02YL000-26122,Cooks-Brook
750,02YL000-26123,Allan-Brook
751,02YL000-26124,Black-Brook
752,02YL000-26125,Blow-Me-Down-Brook
753,02YL000-26126,Liverpool-Brook
754,02YL000-26127,East-Adies-River
755,02YL000-26128,Bakers-Brook
756,02YL000-26129,Trout-Creek
757,02YL000-26130,Upper-Humber-River
758,02YL000-26131,Liverpool-Brook
759,02YL000-26132,Barachois-Brook
760,02YL000-26133,Wigwam-Brook
761,02YL000-26134,Crooked-Feeder
762,02YL000-26135,Liverpool-Brook
763,02YL000-26136,Otter-Brook
764,02YL000-26137,Goose-Arm-Brook
765,02YL000-26138,Whites-River
766,02YL000-26139,East-Adies-River
767,02YL000-26140,Bakers-Brook
768,02YL000-26141,Hughes-Brook
769,02YL000-26142,Corner-Brook
770,02YL000-26143,North-Arm-Brook
771,02YL000-26144,Clarks-Brook
772,02YL000-26145,Adies-River
773,02YL000-26146,Upper-Humber-River
774,02YL000-26147,Deadwater-Brook
775,02YL000-26148,East-Branch
776,02YL000-26149,Upper-Humber-River
777,02YL000-26150,East-Adies-River
778,02YL000-26151,Upper-Humber-River
779,02YL000-26152,Taylors-Brook
780,02YL000-26153,Black-Brook
781,02YL000-26154,Crooked-Feeder
782,02YL000-26155,Beaver-Brook
783,02YL000-26156,Wolf-Brook
784,02YL000-26157,Upper-Humber-River
785,02YL000-26158,Lower-Crabb-Brook
786,02YL000-26159,Liverpool-Brook
787,02YL000-26160,Corner-Brook
788,02YL000-26161,Carp-Creek
789,02YL000-26162,Black-Brook
790,02YL000-26163,Hughes-Brook
791,02YL000-26164,Yellow-Marsh-Brook
792,02YL000-26165,Corner-Brook
793,02YL000-26166,Northeast-Adies-River
794,02YL000-26167,Upper-Humber-River
795,02YL000-26168,Rocky-Brook
796,02YL000-26169,Goose-Arm-Brook-North
797,02YL000-26170,Goose-Arm-Brook-North
798,02YL000-26171,Upper-Humber-River
799,02YL000-26172,Goose-Arm-Brook-North
800,02YL000-26173,Upper-Humber-River
801,02YL000-26174,Liverpool-Brook
802,02YL000-26175,Taylors-Brook
803,02YL000-26176,Whites-River
804,02YL000-26177,Cox's-Brook
805,02YL000-26178,Lower-Crabb-Brook
806,02YL000-26179,Whites-River
807,02YL000-26180,East-Adies-River
808,02YL000-26181,Steady-Brook
809,02YL000-26182,Petries-Brook
810,02YL000-26183,Hughes-Brook
811,02YL000-26184,Adies-River
812,02YL000-26185,Ninth-Brook
813,02YL000-26186,Upper-Humber-River
814,02YL000-26187,North-Arm-Brook
815,02YL000-26188,Goose-Arm-Brook-North
816,02YL000-26189,South-Brook
817,02YL000-26190,Crooked-Feeder
818,02YL000-26191,Upper-Humber-River
819,02YL000-26192,Watsons-Brook
820,02YL000-26193,Humber-River
821,02YL000-26194,Upper-Humber-River
822,02YL000-26195,Beaver-Brook
823,02YL000-26196,Upper-Humber-River
824,02YL000-26197,Lower-Crabb-Brook
825,02YL000-26198,Upper-Humber-River
826,02YL000-26199,Upper-Humber-River
827,02YL000-26200,Taylors-Brook
828,02YL000-26201,Hughes-Brook
829,02YL000-26202,East-Branch
830,02YL000-26203,Irishtown-Brook
831,02YL000-26204,Rocky-Brook
832,02YL000-26205,Liverpool-Brook
833,02YL000-26206,Whites-River
834,02YL000-26207,Otter-Brook
835,02YL000-26208,Upper-Humber-River
836,02YL000-26209,Crooked-Feeder
837,02YL000-26210,Goose-Arm-Brook
838,02YL000-26211,East-Branch
839,02YL000-26212,Upper-Humber-River
840,02YL000-26213,Upper-Humber-River
841,02YL000-26214,North-Brook
842,02YL000-26215,Upper-Humber-River
843,02YL000-26216,Goose-Arm-Brook
844,02YL000-26217,Northeast-Adies-River
845,02YL000-26218,First-Branch
846,02YL000-26219,Hughes-Brook
847,02YL000-26220,Whites-River
848,02YL000-26221,Upper-Humber-River
849,02YL000-26222,Penguin-Arm-Brook
850,02YL000-26223,Joes-Brook
851,02YL000-26224,Steady-Brook
852,02YL000-26225,Little-Rapids-Brook
853,02YL000-26226,Upper-Humber-River
854,02YL000-26227,Lower-Crabb-Brook
855,02YL000-26228,Yellow-Marsh-Brook
856,02YL000-26229,Gales-Brook
857,02YL000-26230,Neds-Steady
858,02YL000-26231,Salmon-Creek
859,02YL000-26232,Junction-Brook
860,02YL000-26233,East-Adies-River
861,02YL000-26234,Adies-River
862,02YL000-26235,Upper-Humber-River
863,02YL000-26236,North-Arm-Brook
864,02YL000-26237,Upper-Humber-River
865,02YL000-26238,East-Adies-River
866,02YL000-26239,Upper-Humber-River
867,02YL000-26240,Hughes-Brook
868,02YL000-26241,East-Branch
869,02YL000-26242,Black-Brook
870,02YL000-26243,Hughes-Brook
871,02YL000-26244,Cooks-Brook
872,02YL000-26245,Hughes-Brook
873,02YL000-26246,Taylors-Brook
874,02YL000-26247,Ninety-Brook
875,02YL000-26248,Upper-Humber-River
876,02YL000-26249,North-Arm-Brook
877,02YL000-26250,Whites-River
878,02YL000-26251,Upper-Humber-River
879,02YL000-26252,Humber-River
880,02YL000-26253,Old-Mans-Brook
881,02YL000-26254,Black-Gulch-Brook
882,02YL000-26255,East-Branch
883,02YL000-26256,Upper-Humber-River
884,02YL000-26257,South-Brook
885,02YL000-26258,Upper-Humber-River
886,02YL000-26259,Northeast-Adies-River
887,02YL000-26260,East-Adies-River
888,02YL000-26261,Old-Mans-Brook
889,02YL000-26262,Black-Brook
890,02YL000-26263,Goose-Arm-Brook
891,02YL000-26264,Whites-River
892,02YL000-26265,Gales-Brook
893,02YL000-26266,Humber-River
894,02YL000-26267,Bridgers-Brook
895,02YL000-26268,Crooked-Feeder
896,02YL000-26269,East-Branch
897,02YL000-26270,South-Brook
898,02YL000-26271,Whites-River
899,02YL000-26272,South-Brook
900,02YL000-26273,Upper-Crabb-Brook
901,02YL000-26274,Crooked-Brook
902,02YL000-26275,Rocky-Brook
903,02YL000-26276,Salmon-Creek
904,02YL000-26277,Adies-River
905,02YL000-26278,Adies-River
906,02YL000-26279,Lower-Crabb-Brook
907,02YL000-26280,Gillams-Brook
908,02YL000-26281,Little-North-Brook
909,02YL000-26282,Bells-Brook
910,02YL000-26283,Rocky-Brook
911,02YL000-26284,Upper-Humber-River
912,02YL000-26285,Whites-River
913,02YL000-26286,Northeast-Adies-River
914,02YL000-26287,Goose-Arm-Brook-North
915,02YL000-26288,Upper-Humber-River
916,02YL000-26289,Crooked-Feeder
917,02YL000-26290,West-Rocky-Brook
918,02YL000-26291,Junction-Brook
919,02YL000-26292,Upper-Humber-River
920,02YL000-26293,Crooked-Feeder
921,02YL000-26294,Junction-Brook
922,02YL000-26295,Upper-Humber-River
923,02YL000-26296,Little-North-Brook
924,02YL000-26297,Cox's-Brook
925,02YL000-26298,Whites-River
926,02YL000-26299,Upper-Humber-River
927,02YL000-26300,Upper-Humber-River
928,02YL000-26301,Whites-River
929,02YL000-26302,West-Branch
930,02YL000-26303,Upper-Humber-River
931,02YL000-26304,Clarks-Brook
932,02YL000-26305,East-Branch
933,02YL000-26306,Upper-Humber-River
934,02YL000-26307,Adies-River
935,02YL000-26308,Goose-Arm-Brook-North
936,02YL000-26309,Moose-Brook
937,02YL000-26310,Upper-Humber-River
938,02YL000-26311,Clarkes-Brook-West-Branch
939,02YL000-26312,Ninety-Brook
940,02YL000-26313,Goose-Arm-Brook-North
941,02YL000-26314,Duncan-Brook
942,02YL000-26315,Yellow-Marsh-Brook
943,02YL000-26316,Upper-Humber-River
944,02YL000-26317,Deadwater-Brook
945,02YL000-26318,Liverpool-Brook
946,02YL000-26319,Adies-River
947,02YL000-26320,Upper-Humber-River
948,02YL000-26321,South-Bells-Brook
949,02YL000-26322,Whites-River
950,02YL000-26323,Humber-River
951,02YL000-26324,Birchy-Hill-Brook
952,02YL000-26325,East-Branch
953,02YL000-26326,Humber-River
954,02YL000-26327,East-Adies-River
955,02YL000-26328,Upper-Humber-River
956,02YL000-26329,East-Adies-River
957,02YL000-26330,Upper-Humber-River
958,02YL000-26331,Upper-Humber-River
959,02YL000-26332,Upper-Humber-River
960,02YL000-26333,East-Adies-River
961,02YL000-26334,Upper-Humber-River
962,02YL000-26335,Upper-Humber-River
963,02YL000-26336,Upper-Humber-River
964,02YL000-26337,Beaver-Brook
965,02YL000-26338,Northeast-Adies-River
966,02YL000-26339,East-Branch
967,02YL000-26340,Whites-River
968,02YL000-26341,Whites-River
969,02YL000-26342,Crooked-Feeder
970,02YL000-26343,Northeast-Adies-River
971,02YL000-26344,Northeast-Adies-River
972,02YL000-26345,Gales-Brook
973,02YL000-26346,Upper-Humber-River
974,02YL000-26347,Upper-Humber-River
975,02YL000-26348,Adies-River
976,02YL000-26349,Adies-River
977,02YL000-26350,Northeast-Adies-River
978,02YL000-26351,East-Branch
979,02YL000-26352,Upper-Humber-River
980,02YL000-26353,Lower-Crabb-Brook
981,02YL000-26354,Upper-Humber-River
982,02YL000-26355,Middle-Branch
983,02YL000-26356,Black-Brook
984,02YL000-26357,Upper-Humber-River
985,02YL000-26358,Beaver-Brook
986,02YL000-26359,Lower-Crabb-Brook
987,02YL000-26360,Humber-River
988,02YL000-26361,Upper-Humber-River
989,02YL000-26362,Hughes-Brook
990,02YL000-26363,West-Branch
991,02YL000-26364,Liverpool-Brook
992,02YL000-26365,Clarks-Brook
993,02YL000-26366,Upper-Humber-River
994,02YL000-26367,Parsons-Brook
995,02YL000-26368,Big-Tenth-Brook
996,02YL000-26369,Goose-Arm-Brook-North
997,02YL000-26370,Moose-Brook
998,02YL000-26371,South-Brook
999,02YL000-26372,East-Steady-Brook
1000,02YL000-26373,Moose-Brook
1001,02YL000-26374,East-Branch
1002,02YL000-26375,East-Adies-River
1003,02YL000-26376,Whites-River
1004,02YL000-26377,Upper-Humber-River
1005,02YL000-26378,Taylors-Brook
1006,02YL000-26379,Ninth-Brook
1007,02YL000-26380,Upper-Humber-River
1008,02YL000-26381,Upper-Humber-River
1009,02YL000-26382,Whites-River
1010,02YL000-26383,Hughes-Brook
1011,02YL000-26384,Trout-Creek
1012,02YL000-26385,Birchy-Hill-Brook
1013,02YL000-26386,Black-Gulch-Brook
1014,02YL000-26387,Beaver-Brook
1015,02YL000-26388,Crooked-Brook
1016,02YL000-26389,Upper-Humber-River
1017,02YL000-26390,Otter-Brook
1018,02YL000-26391,Rocky-Brook
1019,02YL000-26392,Upper-Humber-River
1020,02YL000-26393,Beaver-Brook
1021,02YL000-26394,Salmon-Creek
1022,02YL000-26395,Trout-Creek
1023,02YL000-26396,Harrimans-Brook
1024,02YL000-26397,Upper-Humber-River
1025,02YL000-26398,Beaver-Brook
1026,02YL000-26399,Upper-Humber-River
1027,02YL000-26400,Middle-Branch
1028,02YL000-26401,Goose-Arm-Brook-North
1029,02YL000-26402,Crooked-Brook
1030,02YL000-26403,French-Brook
1031,02YL000-26404,Old-Mans-Brook
1032,02YL000-26405,Rocky-Brook
1033,02YL000-26406,North-Arm-Brook
1034,02YL000-26407,Whites-River
1035,02YL000-26408,North-Arm-Brook
1036,02YL000-26409,Little-North-Brook
1037,02YL000-26410,Upper-Humber-River
1038,02YL000-26411,Humber-River
1039,02YL000-26412,Whites-River
1040,02YL000-26413,Eighth-Brook
1041,02YL000-26414,Black-Gulch-Brook
1042,02YL000-26415,Upper-Humber-River
1043,02YL000-26416,Upper-Humber-River
1044,02YL000-26417,Humber-River
1045,02YL000-26418,Big-Feeder-Brook
1046,02YL000-26419,Corner-Brook
1047,02YL000-26420,Trout-Brook
1048,02YL000-26421,Upper-Humber-River
1049,02YL000-26422,Adies-River
1050,02YL000-26423,Parsons-Brook
1051,02YL000-26424,Beaver-Brook
1052,02YL000-26425,Goose-Arm-Brook
1053,02YL000-26426,North-Arm-Brook
1054,02YL000-26427,Wigwam-Brook
1055,02YL000-26428,Big-Feeder-Brook
1056,02YL000-26429,East-Adies-River
1057,02YL000-26430,Humber-River
1058,02YL000-26431,Upper-Humber-River
1059,02YL000-26432,Allan-Brook
1060,02YL000-26433,Otter-Brook
1061,02YL000-26434,Upper-Humber-River
1062,02YL000-26435,East-Adies-River
1063,02YL000-26436,Beaver-Brook
1064,02YL000-26437,Big-Tenth-Brook
1065,02YL000-26438,Bells-Brook
1066,02YL000-26439,Beaver-Brook
1067,02YL000-26440,Goose-Arm-Brook
1068,02YL000-26441,Nichols-Brook
1069,02YL000-26442,Taylors-Brook
1070,02YL000-26443,Upper-Humber-River
1071,02YL000-26444,Wigwam-Brook
1072,02YL000-26445,Upper-Humber-River
1073,02YL000-26446,Upper-Humber-River
1074,02YL000-26447,Beaver-Brook
1075,02YL000-26448,Duncan-Brook
1076,02YL000-26449,Black-Brook
1077,02YL000-26450,Burnt-Hill-Brook
1078,02YL000-26451,Ninety-Brook
1079,02YL000-26452,Northeast-Adies-River
1080,02YL000-26453,Wigwam-Brook
1081,02YL000-26454,Adies-River
1082,02YL000-26455,Crooked-Brook
1083,02YL000-26456,Deadwater-Brook
1084,02YL000-26457,North-Arm-Brook
1085,02YL000-26458,Upper-Humber-River
1086,02YL000-26459,Watsons-Brook
1087,02YL000-26460,Goose-Arm-Brook
1088,02YL000-26461,Junction-Brook
1089,02YL000-26462,Upper-Humber-River
1090,02YL000-26463,Liverpool-Brook
1091,02YL000-26464,Upper-Humber-River
1092,02YL000-26465,Cooks-Brook
1093,02YL000-26466,East-Branch
1094,02YL000-26467,Crooked-Feeder
1095,02YL000-26468,Upper-Humber-River
1096,02YL000-26469,Upper-Humber-River
1097,02YL000-26470,Humber-River
1098,02YL000-26471,Humber-River
1099,02YL000-26472,Liverpool-Brook
1100,02YL000-26473,Alder-Brook
1101,02YL000-26474,Upper-Humber-River
1102,02YL000-26475,Junction-Brook
1103,02YL000-26476,Hughes-Brook
1104,02YL000-26477,Hughes-Brook
1105,02YL000-26478,Harrimans-Brook
1106,02YL000-26479,North-Brook
1107,02YL000-26480,Snooks-Brook
1108,02YL000-26481,East-Adies-River
1109,02YL000-26482,Humber-River
1110,02YL000-26483,Upper-Humber-River
1111,02YL000-26484,Steady-Brook
1112,02YL000-26485,Wolf-Brook
1113,02YL000-26486,Goose-Arm-Brook
1114,02YL000-26487,Upper-Humber-River
1115,02YL000-26488,Upper-Humber-River
1116,02YL000-26489,Drill-Hole-Brook
1117,02YL000-26490,Upper-Humber-River
1118,02YL000-26491,South-Brook
1119,02YL000-26492,Upper-Humber-River
1120,02YL000-26493,Crooked-Feeder
1121,02YL000-26494,Trout-Brook
1122,02YL000-26495,Middle-Branch
1123,02YL000-26496,Junction-Brook
1124,02YL000-26497,Upper-Humber-River
1125,02YL000-26498,Humber-River
1126,02YL000-26499,Upper-Humber-River
1127,02YL000-26500,Upper-Humber-River
1128,02YL000-26501,Liverpool-Brook
1129,02YL000-26502,Gales-Brook
1130,02YL000-26503,Snooks-Brook
1131,02YL000-26504,North-Brook
1132,02YL000-26505,Humber-River
1133,02YL000-26506,Johns-Brook
1134,02YL000-26507,Gillams-Brook
1135,02YL000-26508,Otter-Brook
1136,02YL000-26509,East-Adies-River
1137,02YL000-26510,Upper-Humber-River
1138,02YL000-26511,Crooked-Feeder
1139,02YL000-26512,Upper-Humber-River
1140,02YL000-26513,Rocky-Brook
1141,02YL000-26514,Whites-River
1142,02YL000-26515,Adies-River
1143,02YL000-26516,West-Rocky-Brook
1144,02YL000-26517,Rocky-Brook
1145,02YL000-26518,East-Branch
1146,02YL000-26519,St.-Marys-Brook
1147,02YL000-26520,Blue-Gulch-Brook
1148,02YL000-26521,Humber-River
1149,02YL000-26522,Upper-Humber-River
1150,02YL000-26523,Upper-Humber-River
1151,02YL000-26524,Adies-River
1152,02YL000-26525,Humber-River
1153,02YL000-26526,Upper-Humber-River
1154,02YL000-26527,Corner-Brook
1155,02YL000-26528,Lower-Crabb-Brook
1156,02YL000-26529,South-Brook
1157,02YL000-26530,West-Branch
1158,02YL000-26531,Cooks-Brook
1159,02YL000-26532,Trout-Creek
1160,02YL000-26533,Otter-Brook
1161,02YL000-26534,Gales-Brook
1162,02YL000-26535,Upper-Humber-River
1163,02YL000-26536,Humber-River
1164,02YL000-26537,Humber-River
1165,02YL000-26538,Harrimans-Brook
1166,02YL000-26539,Upper-Humber-River
1167,02YL000-26540,Adies-River
1168,02YL000-26541,Spillway
1169,02YL000-26542,Lower-Crabb-Brook
1170,02YL000-26543,Gales-Brook
1171,02YL000-26544,Lower-Crabb-Brook
1172,02YL000-26545,Lower-Crabb-Brook
1173,02YL000-26546,Steady-Brook
1174,02YL000-26547,Upper-Humber-River
1175,02YL000-26548,Upper-Humber-River
1176,02YL000-26549,Upper-Humber-River
1177,02YL000-26550,Goose-Arm-Brook-North
1178,02YL000-26551,Upper-Humber-River
1179,02YL000-26552,Black-Gulch-Brook
1180,02YL000-26553,Crooked-Feeder
1181,02YL000-26554,Corner-Brook
1182,02YL000-26555,Stowbregs-Brook
1183,02YL000-26556,Whites-River
1184,02YL000-26557,Black-Brook
1185,02YL000-26558,Rattler-Brook
1186,02YL000-26559,Harrimans-Brook
1187,02YL000-26560,East-Adies-River
1188,02YL000-26561,Upper-Humber-River
1189,02YL000-26562,East-Adies-River
1190,02YL000-26563,Upper-Humber-River
1191,02YL000-26564,East-Adies-River
1192,02YL000-26565,Adies-River
1193,02YL000-26566,Crooked-Feeder
1194,02YL000-26567,Upper-Humber-River
1195,02YL000-26568,Lower-Crabb-Brook
1196,02YL000-26569,East-Adies-River
1197,02YL000-26570,Northeast-Adies-River
1198,02YL000-26571,Little-Falls-Brook
1199,02YL000-26572,Upper-Humber-River
1200,02YL000-26573,Goose-Arm-Brook
1201,02YL000-26574,Goose-Arm-Brook
1202,02YL000-26575,East-Branch
1203,02YL000-26576,Trout-Creek
1204,02YL000-26577,Humber-River
1205,02YL000-26578,Trout-Brook
1206,02YL000-26579,Big-Tenth-Brook
1207,02YL000-26580,Parsons-Brook
1208,02YL000-26581,Humber-River
1209,02YL000-26582,Liverpool-Brook
1210,02YL000-26583,East-Adies-River
1211,02YL000-26584,Pratts-Brook
1212,02YL000-26585,Adies-River
1213,02YL000-26586,Crooked-Feeder
1214,02YL000-26587,Humber-River
1215,02YL000-26588,Lower-Crabb-Brook
1216,02YL000-26589,Drill-Hole-Brook
1217,02YL000-26590,Upper-Humber-River
1218,02YL000-26591,Transmission-Brook
1219,02YL000-26592,Upper-Humber-River
1220,02YL000-26593,Liverpool-Brook
1221,02YL000-26594,Adies-River
1222,02YL000-26595,Big-Tenth-Brook
1223,02YL000-26596,Liverpool-Brook
1224,02YL000-26597,Whites-River
1225,02YL000-26598,Parsons-Brook
1226,02YL000-26599,Pratts-Brook
1227,02YL000-26600,Harrimans-Brook
1228,02YL000-26601,Birchy-Hill-Brook
1229,02YL000-26602,Matthews-Brook
1230,02YL000-26603,North-Brook
1231,02YL000-26604,Goose-Arm-Brook-North
1232,02YL000-26605,Upper-Humber-River
1233,02YL000-26606,Alder-Brook
1234,02YL000-26607,Taylors-Brook
1235,02YL000-26608,Transmission-Brook
1236,02YL000-26609,Whitefish-Creek
1237,02YL000-26610,Goose-Arm-Brook-North
1238,02YL000-26611,South-Brook
1239,02YL000-26612,Upper-Humber-River
1240,02YL000-26613,East-Adies-River
1241,02YL000-26614,Joes-Brook
1242,02YL000-26615,Crooked-Feeder
1243,02YL000-26616,Corner-Brook
1244,02YL000-26617,Transmission-Brook
1245,02YL000-26618,Steady-Brook
1246,02YL000-26619,Whites-River
1247,02YL000-26620,Whites-River
1248,02YL000-26621,Deadwater-Brook
1249,02YL000-26622,Upper-Humber-River
1250,02YL000-26623,Liverpool-Brook
1251,02YL000-26624,North-Arm-Brook
1252,02YL000-26625,Beaver-Brook
1253,02YL000-26626,Cooks-Brook
1254,02YL000-26627,Rocky-Brook
1255,02YL000-26628,Steady-Brook
1256,02YL000-26629,East-Adies-River
1257,02YL000-26630,Whites-River
1258,02YL000-26631,Ninety-Brook
1259,02YL000-26632,Goose-Arm-Brook-North
1260,02YL000-26633,Whites-River
1261,02YL000-26634,Upper-Humber-River
1262,02YL000-26635,Upper-Humber-River
1263,02YL000-26636,Corner-Brook
1264,02YL000-26637,Upper-Humber-River
1265,02YL000-26638,Crooked-Brook
1266,02YL000-26639,Upper-Humber-River
1267,02YL000-26640,Moose-Brook
1268,02YL000-26641,Upper-Humber-River
1269,02YL000-26642,Whites-River
1270,02YL000-26643,Barachois-Brook
1271,02YL000-26644,Hughes-Brook
1272,02YL000-26645,North-Arm-Brook
1273,02YL000-26646,East-Adies-River
1274,02YL000-26647,North-Arm-Brook
1275,02YL000-26648,Northeast-Adies-River
1276,02YL000-26649,Upper-Humber-River
1277,02YL000-26650,Upper-Humber-River
1278,02YL000-26651,Wigwam-Brook
1279,02YL000-26652,Liverpool-Brook
1280,02YL000-26653,Harrimans-Brook
1281,02YL000-26654,Humber-River
1282,02YL000-26655,Carp-Creek
1283,02YL000-26656,Northeast-Adies-River
1284,02YL000-26657,Clarkes-Brook-West-Branch
1285,02YL000-26658,Middle-Branch
1286,02YL000-26659,Nichols-Brook
1287,02YL000-26660,Drill-Hole-Brook
1288,02YL000-26661,Goose-Arm-Brook
1289,02YL000-26662,Beaver-Brook
1290,02YL000-26663,Goose-Arm-Brook-North
1291,02YL000-26664,Humber-River
1292,02YL000-26665,Taylors-Brook
1293,02YL000-26666,Northeast-Adies-River
1294,02YL000-26667,Upper-Crabb-Brook
1295,02YL000-26668,Upper-Humber-River
1296,02YL000-26669,Black-Brook
1297,02YL000-26670,Upper-Humber-River
1298,02YL000-26671,Humber-River
1299,02YL000-26672,South-Brook
1300,02YL000-26673,Northeast-Adies-River
1301,02YL000-26674,Upper-Humber-River
1302,02YL000-26675,Liverpool-Brook
1303,02YL000-26676,Irishtown-Brook
1304,02YL000-26677,East-Adies-River
1305,02YL000-26678,Adies-River
1306,02YL000-26679,Lower-Crabb-Brook
1307,02YL000-26680,Whites-River
1308,02YL000-26681,Crooked-Feeder
1309,02YL000-26682,Lower-Crabb-Brook
1310,02YL000-26683,Lower-Crabb-Brook
1311,02YL000-26684,Johns-Brook
1312,02YL000-26685,Upper-Humber-River
1313,02YL000-26686,Black-Brook
1314,02YL000-26687,East-Branch
1315,02YL000-26688,Adies-River
1316,02YL000-26689,Whites-River
1317,02YL000-26690,Upper-Humber-River
1318,02YL000-26691,Whites-River
1319,02YL000-26692,Wigwam-Brook
1320,02YL000-26693,East-Adies-River
1321,02YL000-26694,Birchy-Hill-Brook
1322,02YL000-26695,Upper-Humber-River
1323,02YL000-26696,Ninety-Brook
1324,02YL000-26697,East-Adies-River
1325,02YL000-26698,Upper-Humber-River
1326,02YL000-26699,Hughes-Brook
1327,02YL000-26700,Taylors-Brook
1328,02YL000-26701,Taylors-Brook
1329,02YL000-26702,Upper-Humber-River
1330,02YL000-26703,Upper-Humber-River
1331,02YL000-26704,Rocky-Brook
1332,02YL000-26705,Whites-River
1333,02YL000-26706,Ninth-Brook
1334,02YL000-26707,Liverpool-Brook
1335,02YL000-26708,Taylors-Brook
1336,02YL000-26709,Upper-Humber-River
1337,02YL000-26710,Gales-Brook
1338,02YL000-26711,Junction-Brook
1339,02YL000-26712,Lower-Crabb-Brook
1340,02YL000-26713,Moose-Brook
1341,02YL000-26714,Upper-Humber-River
1342,02YL000-26715,Yellow-Marsh-Brook
1343,02YL000-26716,Upper-Humber-River
1344,02YL000-26717,Whites-River
1345,02YL000-26718,Crooked-Brook
1346,02YL000-26719,Cooks-Brook
1347,02YL000-26720,Whites-River
1348,02YL000-26721,Whites-River
1349,02YL000-26722,Hughes-Brook
1350,02YL000-26723,Big-Falls-Brook
1351,02YL000-26724,Salmon-Creek
1352,02YL000-26725,Little-North-Brook
1353,02YL000-26726,Salmon-Creek
1354,02YL000-26727,Goose-Arm-Brook-North
1355,02YL000-26728,Goose-Arm-Brook-North
1356,02YL000-26729,Upper-Humber-River
1357,02YL000-26730,East-Adies-River
1358,02YL000-26731,Penguin-Arm-Brook
1359,02YL000-26732,Upper-Humber-River
1360,02YL000-26733,Goose-Arm-Brook-North
1361,02YL000-26734,Crooked-Feeder
1362,02YL000-26735,Upper-Humber-River
1363,02YL000-26736,Taylors-Brook
1364,02YL000-26737,Gales-Brook
1365,02YL000-26738,Whites-River
1366,02YL000-26739,Northeast-Adies-River
1367,02YL000-26740,Northeast-Adies-River
1368,02YL000-26741,Yellow-Marsh-Brook
1369,02YL000-26742,Goose-Arm-Brook-North
1370,02YL000-26743,Bridgers-Brook
1371,02YL000-26744,Adies-River
1372,02YL000-26745,Upper-Humber-River
1373,02YL000-26746,East-Adies-River
1374,02YL000-26747,Beaver-Brook
1375,02YL000-26748,Middle-Branch
1376,02YL000-26749,Upper-Humber-River
1377,02YL000-26750,Upper-Humber-River
1378,02YL000-26751,Petries-Brook
1379,02YL000-26752,Allens-Brook
1380,02YL000-26753,Gales-Brook
1381,02YL000-26754,Wigwam-Brook
1382,02YL000-26755,East-Adies-River
1383,02YL000-26756,Junction-Brook
1384,02YL000-26757,Gales-Brook
1385,02YL000-26758,Humber-River
1386,02YL000-26759,Salmon-Creek
1387,02YL000-26760,Matthews-Brook
1388,02YL000-26761,North-Brook
1389,02YL000-26762,Whites-River
1390,02YL000-26763,Hughes-Brook
1391,02YL000-26764,East-Branch
1392,02YL000-26765,Transmission-Brook
1393,02YL000-26766,North-Brook
1394,02YL000-26767,Upper-Humber-River
1395,02YL000-26768,Drill-Hole-Brook
1396,02YL000-26769,Northeast-Adies-River
1397,02YL000-26770,Upper-Humber-River
1398,02YL000-26771,Whites-River
1399,02YL000-26772,Black-Brook
1400,02YL000-26773,Northeast-Adies-River
1401,02YL000-26774,Otter-Brook
1402,02YL000-26775,Black-Brook
1403,02YL000-26776,Gillams-Brook
1404,02YL000-26777,Deadwater-Brook
1405,02YL000-26778,Humber-River
1406,02YL000-26779,Upper-Humber-River
1407,02YL000-26780,Upper-Humber-River
1408,02YL000-26781,Whites-River
1409,02YL000-26782,Gales-Brook
1410,02YL000-26783,Hughes-Brook
1411,02YL000-26784,South-Brook
1412,02YL000-26785,West-Rocky-Brook
1413,02YL000-26786,Upper-Humber-River
1414,02YL000-26787,Burnt-Hill-Brook
1415,02YL000-26788,East-Adies-River
1416,02YL000-26789,Hughes-Brook
1417,02YL000-26790,Goose-Arm-Brook
1418,02YL000-26791,Yellow-Marsh-Brook
1419,02YL000-26792,Northeast-Adies-River
1420,02YL000-26793,Deadwater-Brook
1421,02YL000-26794,Upper-Humber-River
1422,02YL000-26795,Upper-Humber-River
1423,02YL000-26796,East-Adies-River
1424,02YL000-26797,Corner-Brook
1425,02YL000-26798,Yellow-Marsh-Brook
1426,02YL000-26799,Upper-Humber-River
1427,02YL000-26800,Upper-Humber-River
1428,02YL000-26801,Rocky-Brook
1429,02YL000-26802,North-Arm-Brook
1430,02YL000-26803,Upper-Humber-River
1431,02YL000-26804,East-Adies-River
1432,02YL000-26805,Humber-River
1433,02YL000-26806,Gales-Brook
1434,02YL000-26807,Liverpool-Brook
1435,02YL000-26808,Trout-Creek
1436,02YL000-26809,Gillams-Brook
1437,02YL000-26810,Upper-Humber-River
1438,02YL000-26811,Deadwater-Brook
1439,02YL000-26812,Adies-River
1440,02YL000-26813,Black-Brook
1441,02YL000-26814,Upper-Humber-River
1442,02YL000-26815,Adies-River
1443,02YL000-26816,Whites-River
1444,02YL000-26817,Northeast-Adies-River
1445,02YL000-26818,Upper-Humber-River
1446,02YL000-26819,East-Branch
1447,02YL000-26820,Rocky-Brook
1448,02YL000-26821,North-Arm-Brook
1449,02YL000-26822,Hughes-Brook
1450,02YL000-26823,Upper-Humber-River
1451,02YL000-26824,Upper-Humber-River
1452,02YL000-26825,Steady-Brook
1453,02YL000-26826,Adies-River
1454,02YL000-26827,Upper-Humber-River
1455,02YL000-26828,Rocky-Brook
1456,02YL000-26829,Coal-Brook
1457,02YL000-26830,West-Rocky-Brook
1458,02YL000-26831,Upper-Humber-River
1459,02YL000-26832,Deadwater-Brook
1460,02YL000-26833,Yellow-Marsh-Brook
1461,02YL000-26834,Junction-Brook
1462,02YL000-26835,Whites-River
1463,02YL000-26836,Liverpool-Brook
1464,02YL000-26837,Goose-Arm-Brook-North
1465,02YL000-26838,Salmon-Creek
1466,02YL000-26839,Liverpool-Brook
1467,02YL000-26840,Whites-River
1468,02YL000-26841,Rocky-Brook
1469,02YL000-26842,Upper-Humber-River
1470,02YL000-26843,Cooks-Brook
1471,02YL000-26844,Upper-Humber-River
1472,02YL000-26845,Gales-Brook
1473,02YL000-26846,North-Arm-Brook
1474,02YL000-26847,Steady-Brook
1475,02YL000-26848,Liverpool-Brook
1476,02YL000-26849,Hughes-Brook
1477,02YL000-26850,Upper-Humber-River
1478,02YL000-26851,Upper-Humber-River
1479,02YL000-26852,Otter-Brook
1480,02YL000-26853,Upper-Humber-River
1481,02YL000-26854,Taylors-Brook
1482,02YL000-26855,Hughes-Brook
1483,02YL000-26856,Neds-Steady
1484,02YL000-26857,Conways-Brook
1485,02YL000-26858,Upper-Humber-River
1486,02YL000-26859,Big-Falls-Brook
1487,02YL000-26860,Whites-River
1488,02YL000-26861,Birchy-Hill-Brook
1489,02YL000-26862,Payne-Brook
1490,02YL000-26863,Upper-Humber-River
1491,02YL000-26864,Whites-River
1492,02YL000-26865,Clarkes-Brook-West-Branch
1493,02YL000-26866,Beaver-Brook
1494,02YL000-26867,Northeast-Adies-River
1495,02YL000-26868,Watsons-Brook
1496,02YL000-26869,Cooks-Brook
1497,02YL000-26870,Little-Rapids-Brook
1498,02YL000-26871,Upper-Humber-River
1499,02YL000-26872,North-Brook
1500,02YL000-26873,Corner-Brook
1501,02YL000-26874,Black-Brook
1502,02YL000-26875,North-Brook
1503,02YL000-26876,Blue-Gulch-Brook
1504,02YL000-26877,Pynns-Brook
1505,02YL000-26878,Beaver-Brook
1506,02YL000-26879,Upper-Humber-River
1507,02YL000-26880,Rocky-Brook
1508,02YL000-26881,Black-Brook
1509,02YL000-26882,Steady-Brook
1510,02YL000-26883,Taylors-Brook
1511,02YL000-26884,Rattler-Brook
1512,02YL000-26885,Upper-Humber-River
1513,02YL000-26886,Liverpool-Brook
1514,02YL000-26887,Gales-Brook
1515,02YL000-26888,Beaver-Brook
1516,02YL000-26889,Adies-River
1517,02YL000-26890,Lower-Crabb-Brook
1518,02YL000-26891,Upper-Humber-River
1519,02YL000-26892,Deadwater-Brook
1520,02YL000-26893,North-Arm-Brook
1521,02YL000-26894,South-Brook
1522,02YL000-26895,East-Adies-River
1523,02YL000-26896,Goose-Arm-Brook
1524,02YL000-26897,Duncan-Brook
1525,02YL000-26898,Joes-Brook
1526,02YL000-26899,East-Adies-River
1527,02YL000-26900,Goose-Arm-Brook
1528,02YL000-26901,Corner-Brook
1529,02YL000-26902,Whites-River
1530,02YL000-26903,Upper-Humber-River
1531,02YL000-26904,Rocky-Brook
1532,02YL000-26905,Northeast-Adies-River
1533,02YL000-26906,Taylors-Brook
1534,02YL000-26907,Big-Tenth-Brook
1535,02YL000-26908,Crooked-Feeder
1536,02YL000-26909,Yellow-Marsh-Brook
1537,02YL000-26910,Whites-River
1538,02YL000-26911,Gales-Brook
1539,02YL000-26912,Liverpool-Brook
1540,02YL000-26913,Humber-River
1541,02YL000-26914,Upper-Humber-River
1542,02YL000-26915,Hughes-Brook
1543,02YL000-26916,Deadwater-Brook
1544,02YL000-26917,Whites-River
1545,02YL000-26918,Deadwater-Brook
1546,02YL000-26919,Upper-Humber-River
1547,02YL000-26920,East-Adies-River
1548,02YL000-26921,Fairfax-Brook
1549,02YL000-26922,Upper-Humber-River
1550,02YL000-26923,Upper-Humber-River
1551,02YL000-26924,Upper-Humber-River
1552,02YL000-26925,Upper-Humber-River
1553,02YL000-26926,Drill-Hole-Brook
1554,02YL000-26927,Bridgers-Brook
1555,02YL000-26928,Old-Mans-Brook
1556,02YL000-26929,Junction-Brook
1557,02YL000-26930,Humber-River
1558,02YL000-26931,Steady-Brook
1559,02YL000-26932,Harrimans-Brook
1560,02YL000-26933,Crooked-Feeder
1561,02YL000-26934,Beaver-Brook
1562,02YL000-26935,Upper-Humber-River
1563,02YL000-26936,Upper-Humber-River
1564,02YL000-26937,East-Steady-Brook
1565,02YL000-26938,Big-Falls-Brook
1566,02YL000-26939,Wigwam-Brook
1567,02YL000-26940,Goose-Arm-Brook-North
1568,02YL000-26941,Humber-River
1569,02YL000-26942,Upper-Humber-River
1570,02YL000-26943,Steady-Brook
1571,02YL000-26944,Steady-Brook
1572,02YL000-26945,Bakers-Brook
1573,02YL000-26946,Upper-Humber-River
1574,02YL000-26947,South-Brook
1575,02YL000-26948,Whites-River
1576,02YL000-26949,Goose-Arm-Brook
1577,02YL000-26950,Harrimans-Brook
1578,02YL000-26951,Beaver-Brook
1579,02YL000-26952,Upper-Humber-River
1580,02YL000-26953,Upper-Humber-River
1581,02YL000-26954,East-Branch
1582,02YL000-26955,Moose-Brook
1583,02YL000-26956,Deadwater-Brook
1584,02YL000-26957,Otter-Brook
1585,02YL000-26958,Upper-Humber-River
1586,02YL000-26959,Whites-River
1587,02YL000-26960,Upper-Humber-River
1588,02YL000-26961,Blow-Me-Down-Brook
1589,02YL000-26962,Lower-Crabb-Brook
1590,02YL000-26963,Upper-Humber-River
1591,02YL000-26964,Goose-Arm-Brook
1592,02YL000-26965,Stowbregs-Brook
1593,02YL000-26966,Whites-River
1594,02YL000-26967,Little-North-Brook
1595,02YL000-26968,Hughes-Brook
1596,02YL000-26969,Whites-River
1597,02YL000-26970,Upper-Humber-River
1598,02YL000-26971,East-Adies-River
1599,02YL000-26972,Black-Brook
1600,02YL000-26973,Alder-Brook
1601,02YL000-26974,Humber-River
1602,02YL000-26975,Upper-Humber-River
1603,02YL000-26976,Wigwam-Brook
1604,02YL000-26977,Whites-River
1605,02YL000-26978,North-Arm-Brook
1606,02YL000-26979,Goose-Arm-Brook-North
1607,02YL000-26980,Otter-Brook
1608,02YL000-26981,Clarks-Brook
1609,02YL000-26982,Humber-River
1610,02YL000-26983,Whites-River
1611,02YL000-26984,Lower-Crabb-Brook
1612,02YL000-26985,West-Rocky-Brook
1613,02YL000-26986,Salmon-Creek
1614,02YL000-26987,Hughes-Brook
1615,02YL000-26988,Corner-Brook
1616,02YL000-26989,Upper-Humber-River
1617,02YL000-26990,Northeast-Adies-River
1618,02YL000-26991,Otter-Brook
1619,02YL000-26992,Whites-River
1620,02YL000-26993,Upper-Humber-River
1621,02YL000-26994,Whites-River
1622,02YL000-26995,South-Brook
1623,02YL000-26996,Lanes-Brook
1624,02YL000-26997,Harrimans-Brook
1625,02YL000-26998,Upper-Humber-River
1626,02YL000-26999,Birchy-Hill-Brook
1627,02YL000-27000,Cooks-Brook
1628,02YL000-27001,Upper-Humber-River
1629,02YL000-27002,Ninety-Brook
1630,02YL000-27003,Taylors-Brook
1631,02YL000-27004,North-Brook
1632,02YL000-27005,Lower-Crabb-Brook
1633,02YL000-27006,Clarks-Brook
1634,02YL000-27007,Gales-Brook
1635,02YL000-27008,Upper-Humber-River
1636,02YL000-27009,Steady-Brook
1637,02YL000-27010,Upper-Humber-River
1638,02YL000-27011,Upper-Crabb-Brook
1639,02YL000-27012,Northeast-Adies-River
1640,02YL000-27013,South-Brook
1641,02YL000-27014,Birchy-Hill-Brook
1642,02YL000-27015,Gales-Brook
1643,02YL000-27016,Upper-Humber-River
1644,02YL000-27017,Goose-Arm-Brook
1645,02YL000-27018,Upper-Humber-River
1646,02YL000-27019,Upper-Humber-River
1647,02YL000-27020,Upper-Humber-River
1648,02YL000-27021,Deadwater-Brook
1649,02YL000-27022,Upper-Humber-River
1650,02YL000-27023,Goose-Arm-Brook-North
1651,02YL000-27024,West-Rocky-Brook
1652,02YL000-27025,Rocky-Brook
1653,02YL000-27026,Upper-Humber-River
1654,02YL000-27027,Northeast-Adies-River
1655,02YL000-27028,Upper-Humber-River
1656,02YL000-27029,Corner-Brook
1657,02YL000-27030,Liverpool-Brook
1658,02YL000-27031,Moose-Brook
1659,02YL000-27032,Junction-Brook
1660,02YL000-27033,Upper-Humber-River
1661,02YL000-27034,Spillway
1662,02YL000-27035,Blue-Gulch-Brook
1663,02YL000-27036,Whites-River
1664,02YL000-27037,Beaver-Brook
1665,02YL000-27038,Birchy-Hill-Brook
1666,02YL000-27039,Gillams-Brook
1667,02YL000-27040,Harrimans-Brook
1668,02YL000-27041,East-Adies-River
1669,02YL000-27042,Upper-Humber-River
1670,02YL000-27043,Corner-Brook
1671,02YL000-27044,Humber-River
1672,02YL000-27045,Upper-Humber-River
1673,02YL000-27046,Blow-Me-Down-Brook
1674,02YL000-27047,Upper-Humber-River
1675,02YL000-27048,Trout-Brook
1676,02YL000-27049,Steady-Brook
1677,02YL000-27050,Penguin-Arm-Brook
1678,02YL000-27051,Burnt-Hill-Brook
1679,02YL000-27052,Adies-River
1680,02YL000-27053,Northeast-Adies-River
1681,02YL000-27054,Northeast-Adies-River
1682,02YL000-27055,Middle-Branch
1683,02YL000-27056,Whites-River
1684,02YL000-27057,Adies-River
1685,02YL000-27058,Hughes-Brook
1686,02YL000-27059,Upper-Humber-River
1687,02YL000-27060,Upper-Humber-River
1688,02YL000-27061,Cox's-Brook
1689,02YL000-27062,Upper-Humber-River
1690,02YL000-27063,Birchy-Hill-Brook
1691,02YL000-27064,Upper-Humber-River
1692,02YL000-27065,Upper-Humber-River
1693,02YL000-27066,Gales-Brook
1694,02YL000-27067,Mine-Brook
1695,02YL000-27068,East-Adies-River
1696,02YL000-27069,Goose-Arm-Brook-North
1697,02YL000-27070,East-Adies-River
1698,02YL000-27071,Humber-River
1699,02YL000-27072,Goose-Arm-Brook-North
1700,02YL000-27073,Whites-River
1701,02YL000-27074,Humber-River
1702,02YL000-27075,Humber-River
1703,02YL000-27076,First-Branch
1704,02YL000-27077,Liverpool-Brook
1705,02YL000-27078,Upper-Humber-River
1706,02YL000-27079,Whites-River
1707,02YL000-27080,Lanes-Brook
1708,02YL000-27081,Upper-Humber-River
1709,02YL000-27082,Taylors-Brook
1710,02YL000-27083,Yellow-Marsh-Brook
1711,02YL000-27084,Liverpool-Brook
1712,02YL000-27085,Upper-Humber-River
1713,02YL000-27086,Crooked-Feeder
1714,02YL000-27087,Upper-Humber-River
1715,02YL000-27088,Upper-Humber-River
1716,02YL000-27089,Goose-Arm-Brook
1717,02YL000-27090,Ninth-Brook
1718,02YL000-27091,Upper-Humber-River
1719,02YL000-27092,Whites-River
1720,02YL000-27093,Neds-Steady
1721,02YL000-27094,Upper-Humber-River
1722,02YL000-27095,Goose-Arm-Brook-North
1723,02YL000-27096,Cooks-Brook
1724,02YL000-27097,Trout-Brook
1725,02YL000-27098,Goose-Arm-Brook-North
1726,02YL000-27099,Whites-River
1727,02YL000-27100,Upper-Humber-River
1728,02YL000-27101,Lower-Crabb-Brook
1729,02YL000-27102,Whites-River
1730,02YL000-27103,Crooked-Feeder
1731,02YL000-27104,Upper-Humber-River
1732,02YL000-27105,Upper-Humber-River
1733,02YL000-27106,Northeast-Adies-River
1734,02YL000-27107,Pynns-Brook
1735,02YL000-27108,Junction-Brook
1736,02YL000-27109,Beaver-Brook
1737,02YL000-27110,Liverpool-Brook
1738,02YL000-27111,Goose-Arm-Brook-North
1739,02YL000-27112,Whites-River
1740,02YL000-27113,Northeast-Adies-River
1741,02YL000-27114,Humber-River
1742,02YL000-27115,Upper-Humber-River
1743,02YL000-27116,Blow-Me-Down-Brook
1744,02YL000-27117,East-Adies-River
1745,02YL000-27118,Yellow-Marsh-Brook
1746,02YL000-27119,Upper-Humber-River
1747,02YL000-27120,Rocky-Brook
1748,02YL000-27121,Upper-Humber-River
1749,02YL000-27122,Trout-Creek
1750,02YL000-27123,Clarks-Brook
1751,02YL000-27124,Black-Brook
1752,02YL000-27125,Upper-Humber-River
1753,02YL000-27126,Harrimans-Brook
1754,02YL000-27127,Upper-Humber-River
1755,02YL000-27128,Beaver-Brook
1756,02YL000-27129,East-Adies-River
1757,02YL000-27130,Junction-Brook
1758,02YL000-27131,Old-Mans-Brook
1759,02YL000-27132,Upper-Humber-River
1760,02YL000-27133,Steady-Brook
1761,02YL000-27134,Upper-Humber-River
1762,02YL000-27135,Birchy-Hill-Brook
1763,02YL000-27136,Hughes-Brook
1764,02YL000-27137,West-Branch
1765,02YL000-27138,Upper-Humber-River
1766,02YL000-27139,Wild-Cove-Brook
1767,02YL000-27140,Upper-Humber-River
1768,02YL000-27141,Big-Falls-Brook
1769,02YL000-27142,Upper-Humber-River
1770,02YL000-27143,Gales-Brook
1771,02YL000-27144,Vardy-Brook
1772,02YL000-27145,Rocky-Brook
1773,02YL000-27146,Otter-Brook
1774,02YL000-27147,Northeast-Adies-River
1775,02YL000-27148,Cooks-Brook
1776,02YL000-27149,Rocky-Brook
1777,02YL000-27150,Upper-Humber-River
1778,02YL000-27151,Upper-Humber-River
1779,02YL000-27152,Clarks-Brook
1780,02YL000-27153,Monkey-Brook
1781,02YL000-27154,Liverpool-Brook
1782,02YL000-27155,Petries-Brook
1783,02YL000-27156,Irishtown-Brook
1784,02YL000-27157,West-Rocky-Brook
1785,02YL000-27158,Ninth-Brook
1786,02YL000-27159,Crooked-Feeder
1787,02YL000-27160,Upper-Humber-River
1788,02YL000-27161,Wolf-Brook
1789,02YL000-27162,Birchy-Hill-Brook
1790,02YL000-27163,East-Branch
1791,02YL000-27164,Upper-Humber-River
1792,02YL000-27165,Whites-River
1793,02YL000-27166,Northeast-Adies-River
1794,02YL000-27167,Cooks-Brook
1795,02YL000-27168,Middle-Branch
1796,02YL000-27169,Crooked-Feeder
1797,02YL000-27170,Crooked-Feeder
1798,02YL000-27171,Humber-River
1799,02YL000-27172,Deadwater-Brook
1800,02YL000-27173,Adies-River
1801,02YL000-27174,Upper-Humber-River
1802,02YL000-27175,Upper-Humber-River
1803,02YL000-27176,Old-Mans-Brook
1804,02YL000-27177,Hughes-Brook
1805,02YL000-27178,East-Adies-River
1806,02YL000-27179,Burnt-Hill-Brook
1807,02YL000-27180,North-Brook
1808,02YL000-27181,Goose-Arm-Brook-North
1809,02YL000-27182,Upper-Humber-River
1810,02YL000-27183,Upper-Humber-River
1811,02YL000-27184,Upper-Humber-River
1812,02YL000-27185,Goose-Arm-Brook
1813,02YL000-27186,Deadwater-Brook
1814,02YL000-27187,Goose-Arm-Brook
1815,02YL000-27188,Adies-River
1816,02YL000-27189,Goose-Arm-Brook-North
1817,02YL000-27190,Upper-Humber-River
1818,02YL000-27191,Humber-River
1819,02YL000-27192,Parsons-Brook
1820,02YL000-27193,Rocky-Brook
1821,02YL000-27194,Deadwater-Brook
1822,02YL000-27195,Middle-Branch
1823,02YL000-27196,Whites-River
1824,02YL000-27197,Beavertown-Brook
1825,02YL000-27198,Deadwater-Brook
1826,02YL000-27199,Upper-Humber-River
1827,02YL000-27200,Humber-River
1828,02YL000-27201,Goose-Arm-Brook
1829,02YL000-27202,Salmon-Creek
1830,02YL000-27203,Pratts-Brook
1831,02YL000-27204,Birchy-Hill-Brook
1832,02YL000-27205,Fairfax-Brook
1833,02YL000-27206,Big-Tenth-Brook
1834,02YL000-27207,Adies-River
1835,02YL000-27208,Northeast-Adies-River
1836,02YL000-27209,Crooked-Brook
1837,02YL000-27210,East-Adies-River
1838,02YL000-27211,Upper-Humber-River
1839,02YL000-27212,Salmon-Creek
1840,02YL000-27213,Little-Falls-Brook
1841,02YL000-27214,Humber-River
1842,02YL000-27215,Hughes-Brook
1843,02YL000-27216,Gales-Brook
1844,02YL000-27217,Whites-River
1845,02YL000-27218,Parsons-Brook
1846,02YL000-27219,Whites-River
1847,02YL000-27220,Blow-Me-Down-Brook
1848,02YL000-27221,Humber-River
1849,02YL000-27222,Crooked-Feeder
1850,02YL000-27223,Rocky-Brook
1851,02YL000-27224,Whites-River
1852,02YL000-27225,Northeast-Adies-River
1853,02YL000-27226,Cooks-Brook
1854,02YL000-27227,Liverpool-Brook
1855,02YL000-27228,Taylors-Brook
1856,02YL000-27229,First-Branch
1857,02YL000-27230,Yellow-Marsh-Brook
1858,02YL000-27231,Whites-River
1859,02YL000-27232,Beaver-Brook
1860,02YL000-27233,Lower-Crabb-Brook
1861,02YL000-27234,Crooked-Feeder
1862,02YL000-27235,Upper-Humber-River
1863,02YL000-27236,Liverpool-Brook
1864,02YL000-27237,Whites-River
1865,02YL000-27238,Beaver-Brook
1866,02YL000-27239,East-Adies-River
1867,02YL000-27240,Upper-Humber-River
1868,02YL000-27241,Gillams-Brook
1869,02YL000-27242,Moose-Brook
1870,02YL000-27243,East-Adies-River
1871,02YL000-27244,Black-Brook
1872,02YL000-27245,Northeast-Adies-River
1873,02YL000-27246,Upper-Humber-River
1874,02YL000-27247,West-Branch
1875,02YL000-27248,Northeast-Adies-River
1876,02YL000-27249,Beaver-Brook
1877,02YL000-27250,Northeast-Adies-River
1878,02YL000-27251,Northeast-Adies-River
1879,02YL000-27252,Humber-River
1880,02YL000-27253,Upper-Humber-River
1881,02YL000-27254,Drill-Hole-Brook
1882,02YL000-27255,West-Rocky-Brook
1883,02YL000-27256,Whites-River
1884,02YL000-27257,Transmission-Brook
1885,02YL000-27258,Barachois-Brook
1886,02YL000-27259,Whites-River
1887,02YL000-27260,Rocky-Brook
1888,02YL000-27261,Adies-River
1889,02YL000-27262,Northeast-Adies-River
1890,02YL000-27263,Upper-Humber-River
1891,02YL000-27264,Eighth-Brook
1892,02YL000-27265,Harrimans-Brook
1893,02YL000-27266,Upper-Humber-River
1894,02YL000-27267,Liverpool-Brook
1895,02YL000-27268,Corner-Brook
1896,02YL000-27269,Lower-Crabb-Brook
1897,02YL000-27270,Upper-Humber-River
1898,02YL000-27271,Moose-Brook
1899,02YL000-27272,Goose-Arm-Brook-North
1900,02YL000-27273,Humber-River
1901,02YL000-27274,North-Arm-Brook
1902,02YL000-27275,Corner-Brook
1903,02YL000-27276,Humber-River
1904,02YL000-27277,Lower-Crabb-Brook
1905,02YL000-27278,Whites-River
1906,02YL000-27279,Corner-Brook
1907,02YL000-27280,Northeast-Adies-River
1908,02YL000-27281,Whites-River
1909,02YL000-27282,Whites-River
1910,02YL000-27283,North-Arm-Brook
1911,02YL000-27284,East-Adies-River
1912,02YL000-27285,Rocky-Brook
1913,02YL000-27286,Mine-Brook
1914,02YL000-27287,Birchy-Hill-Brook
1915,02YL000-27288,Upper-Humber-River
1916,02YL000-27289,Northeast-Adies-River
1917,02YL000-27290,Gillams-Brook
1918,02YL000-27291,Upper-Humber-River
1919,02YL000-27292,Lower-Crabb-Brook
1920,02YL000-27293,Goose-Arm-Brook-North
1921,02YL000-27294,Northeast-Adies-River
1922,02YL000-27295,Otter-Brook
1923,02YL000-27296,Whites-River
1924,02YL000-27297,Crooked-Feeder
1925,02YL000-27298,Crooked-Feeder
1926,02YL000-27299,Adies-River
1927,02YL000-27300,Barachois-Brook
1928,02YL000-27301,Upper-Humber-River
1929,02YL000-27302,Upper-Humber-River
1930,02YL000-27303,Upper-Humber-River
1931,02YL000-27304,Upper-Humber-River
1932,02YL000-27305,West-Rocky-Brook
1933,02YL000-27306,Whites-River
1934,02YL000-27307,East-Adies-River
1935,02YL000-27308,Upper-Humber-River
1936,02YL000-27309,Upper-Humber-River
1937,02YL000-27310,Upper-Humber-River
1938,02YL000-27311,Goose-Arm-Brook
1939,02YL000-27312,Trout-Creek
1940,02YL000-27313,Upper-Humber-River
1941,02YL000-27314,Cox's-Brook
1942,02YL000-27315,Ninety-Brook
1943,02YL000-27316,Goose-Arm-Brook
1944,02YL000-27317,Upper-Humber-River
1945,02YL000-27318,East-Adies-River
1946,02YL000-27319,Alder-Brook
1947,02YL000-27320,Salmon-Creek
1948,02YL000-27321,Black-Brook
1949,02YL000-27322,Liverpool-Brook
1950,02YL000-27323,Yellow-Marsh-Brook
1951,02YL000-27324,Steady-Brook
1952,02YL000-27325,Upper-Humber-River
1953,02YL000-27326,Rocky-Brook
1954,02YL000-27327,Black-Brook
1955,02YL000-27328,Blue-Gulch-Brook
1956,02YL000-27329,Northeast-Adies-River
1957,02YL000-27330,Beaver-Brook
1958,02YL000-27331,Taylors-Brook
1959,02YL000-27332,North-Arm-Brook
1960,02YL000-27333,Upper-Humber-River
1961,02YL000-27334,Whites-River
1962,02YL000-27335,Black-Gulch-Brook
1963,02YL000-27336,Carp-Creek
1964,02YL000-27337,Big-Falls-Brook
1965,02YL000-27338,Upper-Humber-River
1966,02YL000-27339,Cooks-Brook
1967,02YL000-27340,Upper-Humber-River
1968,02YL000-27341,Upper-Humber-River
1969,02YL000-27342,Upper-Humber-River
1970,02YL000-27343,Barachois-Brook
1971,02YL000-27344,Cox's-Brook
1972,02YL000-27345,Steady-Brook
1973,02YL000-27346,East-Adies-River
1974,02YL000-27347,Goose-Arm-Brook
1975,02YL000-27348,East-Adies-River
1976,02YL000-27349,East-Adies-River
1977,02YL000-27350,Neds-Steady
1978,02YL000-27351,Crooked-Feeder
1979,02YL000-27352,Lower-Crabb-Brook
1980,02YL000-27353,Steady-Brook
1981,02YL000-27354,East-Steady-Brook
1982,02YL000-27355,Rocky-Brook
1983,02YL000-27356,Otter-Brook
1984,02YL000-27357,Liverpool-Brook
1985,02YL000-27358,Whites-River
1986,02YL000-27359,Adies-River
1987,02YL000-27360,Carp-Creek
1988,02YL000-27361,Northeast-Adies-River
1989,02YL000-27362,Irishtown-Brook
1990,02YL000-27363,Lower-Crabb-Brook
1991,02YL000-27364,Irishtown-Brook
1992,02YL000-27365,Cox's-Brook
1993,02YL000-27366,North-Brook
1994,02YL000-27367,Corner-Brook
1995,02YL000-27368,Upper-Humber-River
1996,02YL000-27369,Parsons-Brook
1997,02YL000-27370,Liverpool-Brook
1998,02YL000-27371,Goose-Arm-Brook-North
1999,02YL000-27372,Gillams-Brook
2000,02YL000-27373,Upper-Humber-River
2001,02YL000-27374,Goose-Arm-Brook
2002,02YL000-27375,Black-Gulch-Brook
2003,02YL000-27376,Taylors-Brook
2004,02YL000-27377,Black-Brook
2005,02YL000-27378,Upper-Humber-River
2006,02YL000-27379,Upper-Humber-River
2007,02YL000-27380,Yellow-Marsh-Brook
2008,02YL000-27381,East-Adies-River
2009,02YL000-27382,Upper-Humber-River
2010,02YL000-27383,Lower-Crabb-Brook
2011,02YL000-27384,Upper-Humber-River
2012,02YL000-27385,Taylors-Brook
2013,02YL000-27386,Crooked-Feeder
2014,02YL000-27387,Upper-Humber-River
2015,02YL000-27388,Goose-Arm-Brook-North
2016,02YL000-27389,North-Brook
2017,02YL000-27390,Black-Brook
2018,02YL000-27391,Upper-Humber-River
2019,02YL000-27392,East-Branch
2020,02YL000-27393,East-Adies-River
2021,02YL000-27394,Upper-Humber-River
2022,02YL000-27395,Crooked-Feeder
2023,02YL000-27396,Northeast-Adies-River
2024,02YL000-27397,Upper-Humber-River
2025,02YL000-27398,Whites-Brook
2026,02YL000-27399,Corner-Brook
2027,02YL000-27400,East-Adies-River
2028,02YL000-27401,Humber-River
2029,02YL000-27402,Goose-Arm-Brook-North
2030,02YL000-27403,Blue-Gulch-Brook
2031,02YL000-27404,Goose-Arm-Brook
2032,02YL000-27405,Upper-Humber-River
2033,02YL000-27406,Middle-Branch
2034,02YL000-27407,Trout-Creek
2035,02YL000-27408,Taylors-Brook
2036,02YL000-27409,Whites-River
2037,02YL000-27410,Ninety-Brook
2038,02YL000-27411,Northeast-Adies-River
2039,02YL000-27412,Upper-Humber-River
2040,02YL000-27413,Deadwater-Brook
2041,02YL000-27414,Black-Brook
2042,02YL000-27415,Yellow-Marsh-Brook
2043,02YL000-27416,Blow-Me-Down-Brook
2044,02YL000-27417,Upper-Humber-River
2045,02YL000-27418,Mine-Brook
2046,02YL000-27419,North-Brook
2047,02YL000-27420,Upper-Humber-River
2048,02YL000-27421,Upper-Humber-River
2049,02YL000-27422,Whites-River
2050,02YL000-27423,East-Adies-River
2051,02YL000-27424,Gillams-Brook
2052,02YL000-27425,South-Brook
2053,02YL000-27426,Big-Feeder-Brook
2054,02YL000-27427,Wigwam-Brook
2055,02YL000-27428,Penguin-Arm-Brook
2056,02YL000-27429,Goose-Arm-Brook
2057,02YL000-27430,Whites-River
2058,02YL000-27431,Upper-Humber-River
2059,02YL000-27432,Upper-Humber-River
2060,02YL000-27433,Whites-River
2061,02YL000-27434,Blue-Gulch-Brook
2062,02YL000-27435,East-Adies-River
2063,02YL000-27436,Lower-Crabb-Brook
2064,02YL000-27437,Bells-Brook
2065,02YL000-27438,East-Branch
2066,02YL000-27439,Northeast-Adies-River
2067,02YL000-27440,Upper-Humber-River
2068,02YL000-27441,Gales-Brook
2069,02YL000-27442,Upper-Humber-River
2070,02YL000-27443,Gales-Brook
